PDB_ID	Chain_ID	Model_ID	Ligand_ID	Ligand_residue	A	C	G	U	purines	pyrimidines	total_atoms	total_residues	HBA	HBD	polar	anion	cation	hydrophobic	others	total_heavy_atoms	r_sasa	r_polar_sasa	r_nonpolar_sasa	pocket_depth	mol_sa	polar_sa	nonpolar_sa	pmi_1	pmi_2	pmi_3	npr1	npr2	asphericity	eccentricity	spherocity_index	inertial_shape_factor	roughness_0.4	roughness_0.8	roughness_1.6	roughness_3.2	alpha	beta	gamma	delta	epsilon	zeta	e_z	chi	phase_angle	st_C3'_endo	st_C2'_endo	st_C3'_exo	st_C2'_exo	ssZp	Dp	splay	eta	eta'	theta'	eta''	theta''	v0	v1	v2	v3	v4	tm	P	pucker_C3'_endo	pucker_C2'_endo	pucker_C3'_exo	pucker_C2'_exo	suite
7tzs_0_out_9	Neg	0	UNK	0	2	1	3	4	5	5	213	10	40	13	30	20	0	67	43	213	1480.19834	1219.35062	260.84772	1.9812	6556.222	4507.445	2048.777	112780.156175691	164337.065478465	190087.273976048	0.59331	0.86453	0.06128	0	0.72418	0.00001	5.8207645412863	22.8165793705967	-9.70049855721529	-2.98984685026598	-27.94	94.58	42.94	94.09	-136.64	-40.47	-24.2	-152.28	44.45	8	2	0	0	3.716	3.899	29.575	131.5	-74.55	-68.7	-82.02	-43.57	-2.77	-12.29	21.94	-24.15	16.93	38.28	44.45	8	2	0	0	0.7048
6ck4_0_out_80	Neg	0	UNK	0	2	2	0	2	2	4	124	6	24	6	16	12	0	42	24	124	995.45516	755.13715	240.31801	1.8978	19230.904	12926.865	6304.039	36573.8079626866	70197.9166972872	78745.1443928682	0.46446	0.89146	0.11961	0.00001	0.59144	0.00002	5.22599727435432	20.5728872598982	-8.76397958874953	-2.5922440476191	-30.1	-7.45	79.88333	77.71667	-143	-74.83333	-68.16667	-165.91667	21.05	6	0	0	0	4.43667	4.60833	21.21667	166.35	0.95	-147.25	-136.9	-120.11667	-1.8	-22.81667	37.26667	-39.41667	25.88333	40.13333	21.05	6	0	0	0	0.53533
4frn_0_out_27	Neg	0	UNK	0	1	1	3	0	4	1	111	5	20	8	18	10	0	32	23	111	825.9067	687.02944	138.87726	1.90226	9380.479	6292.587	3087.892	40722.1453259703	58498.1725003201	79080.5880630359	0.51494	0.73973	0.09754	0.00001	0.68517	0.00002	5.1202881582313	20.2281697033241	-8.59389757386827	-2.54408622106492	16.98	98.54	41.4	83.46	-146.74	-48.48	-26.4	-162.78	13.78	5	0	0	0	4.414	4.612	23.834	162.02	-31.38	-129.64	-139.46	-112.68	3.32	-25.7	37.12	-36.2	20.82	38.24	13.78	5	0	0	0	0.466
4qln_0_out_10	Neg	0	UNK	0	2	1	3	1	5	2	153	7	28	10	24	14	0	46	31	153	1036.4668	863.77595	172.69085	2.03208	5347.928	3725.606	1622.322	62919.0703946635	99042.8343594699	119321.952019546	0.52731	0.83005	0.08744	0.00001	0.67106	0.00001	5.43217836583127	21.1280485561861	-9.13643967658897	-2.71940414434401	-6.51429	70.77143	39.31429	81.08571	-140.41429	-50.82857	-38	-138.67143	16.6	7	0	0	0	3.28571	4.64143	38.52143	167.4	-74.12857	-115.97143	-128.77143	-89.04286	1.27143	-23.71429	35.95714	-36.18571	22.04286	37.77143	16.6	7	0	0	0	0.625
3iwn_0_out_22	Neg	0	UNK	0	1	1	1	2	2	3	105	5	20	6	14	10	0	34	21	105	597.00398	475.03353	121.97045	2.13512	10565.412	6287.223	4278.189	19177.6491741874	73135.5972749449	77325.9432017359	0.24801	0.94581	0.26976	0.00001	0.33915	0.00005	5.00747336285455	18.8829475834402	-7.72928071490174	-2.36109523771449	-71.44	-27.92	58.24	87.66	-125.24	-47.64	-5.6	-160.42	25.54	5	0	0	0	3.746	4.006	32.29	110.58	-92.9	-92.52	-124.84	-69.48	-3.82	-19.26	33.66	-36.68	25.44	37.48	25.54	4	0	0	0	0.658
5d5l_0_out_51	Neg	0	UNK	0	2	2	2	1	4	3	226	7	28	9	22	14	0	47	30	150	1435.74616	1353.62747	82.11869	1.70029	14289.785	11287.58	3002.205	68255.5533010341	98001.0143883492	126669.038642657	0.53885	0.77368	0.08445	0.00001	0.69904	0.00001	5.84501956221128	23.2758065580914	-9.63344051034887	-2.92539878142787	44.04286	-70.94286	36.67143	100.85714	-133.53333	-64.03333	-9.66667	-148.14286	58.64286	5	2	0	0	3.85333	4.03667	29.92333	113.48333	-111.61667	-114.15	-79.28333	-99.93333	-2.5	-8.62857	15.88571	-17.7	12.7	37.35714	58.64286	5	2	0	0	0.58914
5t83_I2A_9	Neg	0	UNK	0	4	4	6	4	10	8	386	18	72	24	56	36	0	120	78	386	2430.80469	1932.05419	498.7505	2.08445	3829.385	2659.465	1169.92	264037.46163001	582319.106013648	611544.08874252	0.43176	0.95221	0.14239	0	0.54332	0	6.41825708161381	24.9280596046319	-10.6593592485936	-3.40283042139746	-55.27778	39.07222	55.12222	85.00556	-121.26667	-49.46667	-31.72222	-157.32222	49.33889	16	2	0	0	3.96167	4.20444	36.22	92.37222	-70.92222	-97.64444	-94.32778	-61.14444	-0.59444	-19.62222	31.33333	-32.39444	20.80556	41.48333	49.33889	15	2	0	1	0.38989
2esi_J48_10	Neg	0	UNK	0	2	3	5	3	7	6	276	13	52	18	40	24	0	86	56	276	1871.32672	1403.97463	467.35209	2.03586	2327.904	1545.689	782.215	166779.062850323	324542.061798294	378792.126225253	0.44029	0.85678	0.13155	0	0.57503	0.00001	6.04477464267701	23.7397188470253	-10.1863309356135	-3.24674224162418	-53.68182	47.59091	37.16667	82.50769	-130.075	-74.2	-55.83333	-154.05385	42.42308	13	0	0	0	3.64583	4.36917	44.91833	67.63636	-20.25455	-80.36364	-98.01818	-93.55455	3.05385	-26.56923	38.71538	-37.82308	21.98462	40.23846	42.42308	12	0	0	1	0.3912
3v7e_0_out_53	Neg	0	UNK	0	1	1	2	2	3	3	128	6	24	8	18	12	0	40	26	128	939.49756	755.93808	183.55948	2.01571	13305.341	8159.306	5146.035	38104.5343231816	68992.5130431518	80457.9147596141	0.4736	0.8575	0.11349	0.00001	0.60949	0.00002	5.1947583475292	20.6028360290615	-8.74861794043208	-2.63819615086296	13.28333	-60.48333	88.06667	79.58333	-147.35	-79.78333	-67.83333	-155.31667	15.28333	6	0	0	0	4.08833	4.62833	22.44	164.13333	58.48333	-146.61667	-144.58333	-121.41667	2.15	-26.63333	39.96667	-39.73333	23.63333	41.71667	15.28333	6	0	0	0	0.627
8hb3_B1Z_8	Neg	0	UNK	0	3	4	4	4	7	8	477	15	60	19	44	28	0	101	63	315	2350.14498	2201.60668	148.5383	2.01895	2692.155	2058.613	633.542	227493.055763134	362169.059303377	428325.606578005	0.53112	0.84555	0.08577	0	0.67042	0	6.62497143251859	25.4047010647122	-10.5310610027317	-3.27575975168715	-47.1	119.83571	37.41333	95.95333	-130.56667	-53.98667	-4.53333	-73.69333	51.92667	11	4	0	0	3.09067	3.758	35.62467	96.8	-71.17857	-42.43571	-41.75	-21.53571	-5.24667	-8.14	17.72667	-21.25333	16.64	38.34	51.92667	11	4	0	0	0.1542
4fen_FMN_9	Neg	0	UNK	0	1	3	1	0	2	3	105	5	20	6	14	10	0	34	21	105	178.80021	125.66457	53.13564	3.34619	2963.5	2013.896	949.604	27766.6299644446	148856.94133998	153180.964627309	0.18127	0.97177	0.32774	0.00001	0.25257	0.00003	4.61199521116335	16.0793219806168	-6.66556779514324	-2.20787708050518	-26.9	101.3	10.26	83.82	-139.5	-85.84	-53.6	-159.86	85.7	5	0	0	0	4.312	4.654	26.202	166.48	-35.36	-147.44	-139.62	-123.84	3.24	-27.1	39.26	-38.38	22.22	41	85.7	4	0	0	1	0.7542
4kqy_0_out_4	Neg	0	UNK	0	1	2	2	2	3	4	148	7	28	9	20	14	0	47	30	148	1254.24299	969.24269	285.0003	1.88752	5398.97	3659.125	1739.845	65301.7678885054	69576.1891267713	105396.693699303	0.61958	0.66014	0.07196	0.00001	0.81534	0.00001	5.42463636679523	21.4678749721341	-9.32183534023192	-2.75197196095576	-54.65714	161.31429	52.92857	78	-145.72857	-77.95714	-67.71429	-165.07143	15.48571	7	0	0	0	4.48286	4.66571	28.05714	117.98571	27.02857	-148.42857	-144.35714	-129.1	2.1	-26.48571	39.45714	-39.25714	23.41429	41.35714	15.48571	7	0	0	0	0.55243
4znp_0_out_8	Neg	0	UNK	0	3	0	1	0	4	0	89	4	16	5	16	8	0	27	17	89	840.59701	582.16458	258.43243	1.85908	6366.028	4258.714	2107.314	18575.858846074	73219.6003200599	86325.2517197248	0.21518	0.84818	0.2944	0.00001	0.31286	0.00005	4.87444986354053	19.5486367270397	-8.48257312200684	-2.56057611137731	-22.05	130.825	30.4	79.275	-139.375	51.225	79.25	-18.625	22.025	4	0	0	0	2.27	4.4725	70.2375	0.7	11.175	-4.275	-38.925	-17.925	-2.1	-21.075	34.975	-37.175	24.675	37.95	22.025	4	0	0	0	0.23
4qln_2BA_9	Neg	0	UNK	0	4	7	5	1	9	8	374	17	69	22	55	36	0	118	74	374	2782.46285	2173.81823	608.64462	1.99597	5347.928	3725.606	1622.322	291003.340346434	1012261.6485055	1104882.95159683	0.26338	0.91617	0.25561	0	0.36252	0	6.40247212449329	25.024065737432	-10.785649687499	-3.44594809684714	-24.77647	-14.11176	73.54706	87.28824	-142.36875	-52.84375	-44.5	-119.04706	26.93529	16	1	0	0	4.26	4.51813	34.47812	102.95	-63.70625	-118.325	-120.75625	-92.76875	-0.41765	-18.83529	29.81765	-30.93529	19.76471	35.91176	26.93529	16	1	0	0	0.46053
6xko_PRIMOS	Neg	0	UNK	0	2	0	2	1	4	1	164	5	20	7	18	10	0	33	22	110	873.65022	853.12052	20.5297	1.78367	4815.988	3947.566	868.422	22430.4948960437	74427.1881801334	83952.2334776532	0.26718	0.88654	0.2513	0.00001	0.37217	0.00004	5.50117706213595	21.6620951497725	-8.98584964785946	-2.61530778790989	-62.54	170.18	54.48	79.12	-147.92	-73.28	-74.6	-166.2	16.38	5	0	0	0	4.564	4.652	22.68	167.62	-107.18	-146.66	-139.5	-122.44	1.52	-24.54	36.94	-37.08	22.38	38.54	16.38	5	0	0	0	0.8662
5ndh_0_out_8	Neg	0	UNK	0	0	2	3	0	3	2	165	5	20	8	16	10	0	32	23	109	780.44974	744.22088	36.22886	1.784	3107.405	2480.654	626.751	30751.2270079641	50450.2955617083	64859.5050175805	0.47412	0.77784	0.11426	0.00001	0.63161	0.00003	5.50819166702084	21.6956882292175	-8.84058478705936	-2.52777818329937	-62.12	29.46	54.32	78.98	-155.25	-72.175	-83.25	-163.12	16.02	5	0	0	0	4.54	4.645	24.8675	168.225	0.525	-151.375	-142.325	-128.675	1.84	-25.42	38	-37.98	22.78	39.6	16.02	5	0	0	0	0.8704
2qwy_0_out_16	Neg	0	UNK	0	1	0	1	2	2	2	85	4	16	5	12	8	0	27	17	85	448.80982	347.36906	101.44076	2.06044	7012.598	4710.218	2302.38	18962.3472157655	32271.4808600398	39000.1043511446	0.48621	0.82747	0.10676	0.00002	0.63044	0.00004	4.79833091212838	18.4774713582338	-7.47795179899637	-2.18494631773405	12.6	154.625	-20.125	100.325	-147.225	-89.2	-58	-156.45	52.7	3	1	0	0	3.69	3.9125	31.8975	81.35	-9.05	-67.15	-72.3	-40.575	0.7	-13.925	21.1	-21.225	12.975	40.75	52.7	3	1	0	0	0.1665
5z1h_0_out_5	Neg	0	UNK	0	1	4	4	0	5	4	194	9	36	13	28	18	0	59	40	194	1012.08273	787.46387	224.61886	2.20149	2295.134	1527.929	767.205	127010.280185555	135297.80303056	189895.563266932	0.66884	0.71249	0.04968	0	0.84261	0.00001	5.65953606920472	22.3202479696254	-9.49644344496347	-2.95417428070498	-62.61111	54.12222	51.1	80.16667	-152.73333	-71.52222	-81.33333	-160.61111	14.03333	9	0	0	0	4.44889	4.64667	22.96111	168.13333	60.83333	-145.74444	-139.92222	-118.03333	3.26667	-27.52222	40.02222	-39.06667	22.58889	41.33333	14.03333	9	0	0	0	0.8706
3bnr_0_out_1	Neg	0	UNK	0	2	3	2	1	4	4	170	8	32	10	24	16	0	54	34	170	796.57385	638.37453	158.19932	2.4013	4328.196	2947.682	1380.514	91294.0990322246	114819.937555117	134451.806987681	0.67901	0.85399	0.03538	0.00001	0.8042	0.00001	5.45485044116582	20.6959756767257	-8.44705555041974	-2.80097074441384	-60.6625	166.4125	55.975	82.75	-145.375	-84.575	-60.75	-161.5875	15.2375	8	0	0	0	4.3225	4.62125	29.0175	170.8875	-128.5	-106.4625	-126.775	-84.1875	2.175	-26.3875	39.2	-38.825	23.175	40.925	15.2375	8	0	0	0	
3slm_PRIMOS	Neg	0	UNK	0	2	0	2	1	4	1	110	5	20	7	18	10	0	33	22	110	858.31089	681.99713	176.31376	1.92057	5951.929	4084.212	1867.717	22931.056437658	64793.2656742536	74456.7866630882	0.30798	0.87021	0.21917	0.00001	0.42417	0.00004	5.09091942210216	20.2477677817201	-8.56521540133872	-2.53257113644347	-61.04	165.7	54.04	78.8	-143.14	-76.44	-66.8	-161.72	14.34	5	0	0	0	4.462	4.718	22.752	166.98	-36.02	-144.3	-140.82	-116.18	3.06	-26.8	39.06	-38.3	22.28	40.34	14.34	5	0	0	0	
4erl_0_out_11	Neg	0	UNK	0	2	2	5	0	7	2	199	9	36	14	32	18	0	58	41	199	1270.27413	1003.3883	266.88583	2.0977	6915.325	4767.664	2147.661	83718.7248911673	182984.126285068	212243.502832051	0.39445	0.86214	0.15916	0	0.52439	0.00001	5.64420666472728	22.1521132157324	-9.36003481491286	-2.87616260659072	-22.76667	86.21111	40.78889	100.33333	-118.97778	-82.86667	-75.88889	-152.15556	63.6	6	2	0	0	3.34556	3.42667	51.61	114.16667	-28.57778	-113.12222	-80.41111	-95.84444	-3.62222	-7.56667	15.31111	-17.81111	13.51111	36.1	63.6	6	3	0	0	0.51778
7wie_0_out_3	Neg	0	UNK	0	0	3	3	1	3	4	149	7	28	10	20	14	0	46	31	149	1300.83497	1036.36436	264.47061	1.90463	2418.153	1655.031	763.122	60909.8814276114	70034.7557249325	102535.01086415	0.59404	0.68303	0.07508	0.00001	0.78264	0.00001	5.38238502578089	21.4678749721341	-9.18646256453162	-2.78738934285583	-62.11429	71.92857	54.17143	78.65714	-150.88333	-70.85	-80	-163.67143	14.8	7	0	0	0	4.535	4.66	23.015	169.23333	-57.83333	-146.23333	-136.41667	-110.75	2.64286	-25.6	37.64286	-37.11429	21.71429	38.95714	14.8	7	0	0	0	0.79843
6uet_R14_9	Neg	0	UNK	0	4	10	12	3	16	13	940	29	116	41	90	58	0	191	128	624	4929.79718999999	4682.23334	247.56385	1.78263	5693.845	4552.826	1141.019	611889.925492328	1630585.2171447	1849816.53722697	0.33078	0.88148	0.20281	0	0.44857	0	7.391348082427	29.1872292476922	-12.4546895467985	-3.97709852331081	-38.23103	80.59655	67.71034	82.92759	-120.73571	-56.46786	-64.17857	-154.51034	31.90345	28	1	0	0	4.29286	4.42964	35.24071	93.98929	-49.64643	-129.73929	-110.51429	-122.28929	2.33793	-23.67241	34.84828	-34.43448	20.24483	38.88966	31.90345	27	1	0	1	0.6671
4k32_0_out_1	Neg	0	UNK	0	3	0	1	0	4	0	89	4	16	5	16	8	0	27	17	89	876.0675	591.06722	285.00028	1.97406	2307.906	1540.795	767.111	32118.9278393752	41442.5362957779	66655.9511153101	0.48186	0.62174	0.13316	0.00001	0.6872	0.00002	4.8863713870819	19.2308247743258	-8.25419118560516	-2.55188028813551	-72.85	-77.6	16.8	115.675	-127.825	-92.1	-36	-49.45	95.7	2	2	0	0	2.7275	3.0175	84.41	60.725	-103.375	-132.575	-92.575	-107.85	-5.3	2.125	1.975	-4.775	6.25	38.1	95.7	2	2	0	0	0.31375
4frg_0_out_16	Neg	0	UNK	0	2	2	3	3	5	5	213	10	40	13	30	20	0	67	43	213	1109.31425	855.7123	253.60195	2.05957	7637.394	5075.095	2562.299	125411.7722154	142597.157251489	207321.712840749	0.60491	0.68781	0.07081	0	0.79152	0.00001	5.78939736685859	22.5513096570518	-9.72072574371093	-3.0000247210711	-57.9	69.12	28.98	94.33	-135.63	-74.55	-61.1	-151.35	44.53	8	2	0	0	3.411	3.958	53.229	83.75	-4.59	-136.62	-119.9	-82.45	-1.73	-13.12	22.34	-24.01	16.2	37.75	44.53	8	2	0	0	0.5775
4p3s_0_out_3	Neg	0	UNK	0	2	2	2	0	4	2	130	6	24	8	20	12	0	40	26	130	649.99618	422.9621	227.03408	2.18747	2422.695	1599.645	823.05	49479.5483271096	100353.066035894	130878.780756043	0.37806	0.76676	0.1711	0.00001	0.52879	0.00002	5.1631226058755	19.880125708076	-8.22850847171742	-2.67144966729354	-77.71667	-103.05	29.71667	105.26667	-138.31667	-86.65	-51.83333	-86.65	69.3	4	2	0	0	3.35167	3.495	66.62833	96	-128.85	-136.31667	-108.31667	-106.4	-3.65	-6.61667	14	-16.25	12.46667	41.71667	69.3	4	1	1	0	0.834
3v7e_0_out_22	Neg	0	UNK	0	3	5	6	1	9	6	324	15	60	21	48	30	0	99	66	324	1777.82433	1444.51892	333.30541	2.15333	13305.341	8159.306	5146.035	205662.165261353	403082.671925163	463158.001614712	0.44404	0.87029	0.12985	0	0.5756	0	6.18755137957948	24.0709928001209	-10.1340474496932	-3.24590061900829	-5.3	-29.79333	23.56667	86.00667	-125.74667	-57.62	-44.13333	-137.35333	60.06	13	2	0	0	3.48333	4.066	39.76	46.74	-32.24667	-60.86667	-92.44	-77.46667	1.13333	-21.34	32.5	-32.48	19.74	40.37333	60.06	12	1	1	1	0.378
6uet_0_out_14	Neg	0	UNK	0	2	1	2	1	4	2	195	6	24	8	20	12	0	40	26	130	953.5487	919.73512	33.81358	1.78731	5693.845	4552.826	1141.019	53726.5820588129	58583.2250344347	82484.3895878028	0.65135	0.71023	0.05418	0.00001	0.82744	0.00001	5.66704584463436	22.0302516190696	-9.10889450793508	-2.62858265647831	10.03333	62.63333	93.65	82.61667	-93.68333	-80.5	-73.16667	-109.21667	71.6	6	0	0	0	4.44167	4.585	38.56333	160.91667	0.61667	-99.03333	-146.43333	-127.78333	4.41667	-26.21667	36.75	-35.21667	19.4	38.11667	71.6	5	0	0	1	0.57917
7d7z_I2A_10	Neg	0	UNK	0	4	5	7	3	11	8	409	19	76	26	60	38	0	126	83	409	2774.44969	2169.42792	605.02177	2.01658	2505.044	1675.55	829.494	336748.485084587	735554.781853785	783348.287045599	0.42988	0.93899	0.14226	0	0.54442	0	6.52022914027779	25.6985910080233	-10.9775065595259	-3.53795989558038	-24.52632	113.35789	36.75789	83.35263	-130.53158	-66.37895	-64.21053	-123.92105	23.03158	18	1	0	0	4.20526	4.41684	37.97421	153.81053	-56.68947	-126.54737	-112.70526	-108.44211	1.18947	-21.84737	33.15789	-33.38421	20.27895	38.30526	23.03158	18	1	0	0	0.59237
4fep_PRIMOS	Neg	0	UNK	0	0	1	1	2	1	3	83	4	16	5	10	8	0	27	17	83	203.72463	171.11866	32.60597	2.4391	2995.33	2033.426	961.904	11935.6532651951	41547.4191300069	46142.9622122704	0.25867	0.90041	0.25866	0.00002	0.35941	0.00008	4.59918144345072	17.4041486210726	-6.97762691317911	-2.18113971532447	-69.35	83.9	56.025	83.025	-159.025	-69.875	-89.25	-159.075	19.975	4	0	0	0	4.335	4.51	22.4125	166.625	-89.125	-147.95	-140.5	-123.35	-0.95	-23.45	37.55	-39.1	25.25	39.95	19.975	4	0	0	0	0.88325
3k0j_0_out_18	Neg	0	UNK	0	2	3	3	2	5	5	205	10	38	12	30	20	0	65	40	205	1581.98199	1264.37576	317.60623	1.92809	11294.905	6139.733	5155.172	150347.417487527	156204.163974752	239422.575929666	0.62796	0.65242	0.07138	0	0.82612	0	5.78821276022731	22.9474120537534	-9.73456787475613	-3.02000735740157	-16.74	-1.13	30.16	86.54	-94.42	-61.41	-68.7	-81.7	33.76	9	1	0	0	3.83333	4.00222	33.64111	132.83	-72.85	-70.25	-103.25	-35.85	-0.46	-19.33	30.76	-31.81	20.28	38.04	33.76	8	1	0	0	0.3851
6ck4_PRIMOS	Neg	0	UNK	0	1	0	1	2	2	2	85	4	16	5	12	8	0	27	17	85	987.60394	717.09522	270.50872	1.8261	19230.904	12926.865	6304.039	13635.9040573695	51695.4359864721	55962.4623461955	0.24366	0.92375	0.27197	0.00002	0.33726	0.00007	4.84851707209069	19.6037168930063	-8.40595334591406	-2.52079021393854	90.36667	11.5	125.275	78.075	-156.96667	-76.6	-80.33333	-104.575	14.05	4	0	0	0	1.31333	4.6	27.47	171	-159.45	-137.1	-132.6	-118.8	3.025	-26.8	38.95	-38.1	22.275	40.55	14.05	4	0	0	0	
2qwy_NPM_10	Neg	0	UNK	0	3	2	5	2	8	4	261	12	48	17	40	24	0	79	53	261	1175.92168	909.03586	266.88582	2.54385	7012.598	4710.218	2302.38	154209.44063894	179495.014430324	220591.200562894	0.69907	0.8137	0.03217	0	0.83462	0.00001	5.86918874882537	22.098030173206	-9.24407520395668	-2.9549186151721	-15.59167	31.85	61.7	107.06667	-111.09167	-26.66667	5.5	-110.90833	121.60833	8	4	0	0	2.63417	3.42417	55.52833	102.225	-57.53333	-50.45833	-93.80833	-36.25833	0.8	-10.16667	15.14167	-15.00833	8.98333	38.51667	121.60833	6	3	1	2	0.14575
3iwn_PRIMOS	Neg	0	UNK	0	1	0	2	1	3	1	88	4	16	6	14	8	0	26	18	88	623.17182	518.10816	105.06366	1.93649	10565.412	6287.223	4278.189	13041.0910723138	43574.3601016726	48712.8058008857	0.26771	0.89452	0.25116	0.00002	0.37144	0.00007	4.8863713870819	19.147057473402	-7.77942133824821	-2.30239287720753	-72.2	0.5	55.275	81.725	-160.35	-66.05	-94.5	-162.975	13.325	4	0	0	0	4.535	4.6275	24.9325	167.575	97.625	-148.375	-129.175	-125.95	3.85	-28.5	40.975	-39.7	22.675	42.15	13.325	4	0	0	0	0.52825
6n5p_QSV_3	Neg	0	UNK	0	7	4	7	5	14	9	495	23	92	30	74	46	0	154	99	495	3144.4641	2573.2559	571.2082	2.04743	5583.937	3890.475	1693.462	413982.537076457	770134.83868869	872859.067324426	0.47428	0.88231	0.11398	0	0.60377	0	6.71701017311474	26.5024467285639	-11.3706279084031	-3.62904654210335	-43.67391	78.79565	54.1	86.32174	-137.35652	-36.35652	-22.65217	-159.75652	27.47391	21	2	0	0	4.17913	4.37478	48.21043	133.13043	-55.55217	-98.22174	-109.87826	-79.99565	0.5913	-20.04783	30.85217	-31.36522	19.38696	38.36087	27.47391	21	2	0	0	0.63217
6tb7_0_out_3	Neg	0	UNK	0	2	4	5	0	7	4	239	11	44	16	36	22	0	72	49	239	1876.51283	1470.74977	405.76306	1.89199	2541.006	1696.747	844.259	141710.87756746	226507.105267705	262074.812203645	0.54073	0.86428	0.0819	0	0.6745	0.00001	5.94971519810924	23.7221504136128	-10.217632453442	-3.2002418938913	-35.72727	69.96364	39.09091	94.99091	-141.99091	-66.51818	-42.81818	-94.7	49.91818	8	2	0	0	3.76545	3.84182	50.58545	83.55455	-90.66364	-91.39091	-91.20909	-104.63636	-5.64545	-9.27273	19.79091	-23.6	18.33636	37.44545	49.91818	8	2	0	0	0.45855
3diz_0_out_22	Neg	0	UNK	0	0	2	1	2	1	4	103	5	20	6	12	10	0	34	21	103	1002.7402	768.46035	234.27985	1.83694	7375.766	5072.098	2303.668	25126.9846798426	43555.9896223609	53207.7642024026	0.47224	0.8186	0.11394	0.00002	0.61843	0.00003	5.05814238538667	19.8314979928299	-8.5030373580499	-2.55226764815818	-27.18	94.28	82.16	111.56	-131.62	55.38	29	-142.28	90.34	2	3	0	0	2.348	2.928	39.67	36.18	-88.06	21.96	-62.68	-35.16	-18.98	13.52	-3.22	-7.48	16.48	42.86	90.34	2	2	0	0	0.2338
3dj0_0_out_8	Neg	0	UNK	0	1	3	1	1	2	4	125	6	24	7	16	12	0	41	25	125	587.48674	500.53751	86.94923	2.24757	7455.336	5141.681	2313.655	30451.513315068	83427.6866107243	97120.3826626788	0.31354	0.85901	0.21475	0.00001	0.43296	0.00003	5.1341649776316	19.5465138748206	-8.05661494498609	-2.46024778531601	-31.51667	109.46667	19.7	82.65	-143.68333	-77.31667	-66.5	-162.7	17.76667	6	0	0	0	4.35	4.57	23.22833	169	-57.31667	-149.43333	-137.15	-118.66667	0.61667	-25	38.53333	-39.05	24.33333	40.7	17.76667	6	0	0	0	0.71283
3bnr_0_out_12	Neg	0	UNK	0	2	2	0	0	2	2	84	4	16	4	12	8	0	28	16	84	492.2087	361.78487	130.42383	2.00725	4328.196	2947.682	1380.514	15693.3997282223	51873.4154624927	59804.0176793348	0.26241	0.86739	0.25467	0.00002	0.36963	0.00006	4.80992129257772	19.257941271033	-7.78212482418404	-2.40141517840593	-10.025	158.325	51.1	103.05	-125.825	60.9	83.25	-65.7	136.6	3	1	0	0	3.3375	3.6575	75.495	52.5	-12.65	5.025	15.525	10.5	-2.4	-9.125	16.475	-18.4	13.2	37.025	136.6	2	1	0	1	
4gxy_0_out_12	Neg	0	UNK	0	1	1	4	0	5	1	134	6	24	10	22	12	0	38	28	134	1358.02347	1091.13763	266.88584	1.79709	7324.117	5132.664	2191.453	49300.5220550736	84648.9773391609	111257.782965556	0.44312	0.76084	0.13189	0.00001	0.60317	0.00002	5.34529012416508	21.4437938162404	-9.34674105619026	-2.8558540092531	-13.18333	57.8	62.58333	81.95	-142.08333	-83.06667	-59	-167.68333	72.88333	6	0	0	0	4.525	4.67167	34.69167	111.78333	-108.51667	-91.45	-50.95	-132.55	3.8	-25.36667	36.13333	-34.91667	19.68333	37.31667	72.88333	5	0	0	1	0.4855
5o69_0_out_3	Neg	0	UNK	0	0	1	2	1	2	2	130	4	16	6	12	8	0	26	18	86	785.94708	731.60381	54.34327	1.69487	3681.109	2906.477	774.632	16287.9485351224	56966.9686475533	67195.0225403529	0.2424	0.84779	0.27106	0.00001	0.34791	0.00005	5.26171272669276	20.5790071567722	-8.52539595867426	-2.51398064267822	52.625	82.15	54.875	96.8	-126.1	-5.03333	-1	-156.525	53.75	3	1	0	0	3.04333	3.17333	30.05333	-2.83333	18	-51.83333	23.63333	-40.6	-4.75	-8.925	18.55	-21.75	16.675	38.25	53.75	3	1	0	0	0.6555
1mwl_0_out_3	Neg	0	UNK	0	2	0	2	0	4	0	157	4	28	10	28	14	0	46	31	157	756.19656	549.69215	206.50441	1.77636	2294.493	1540.233	754.26	48133.387648973	67135.0950545041	97587.1359607153	0.49323	0.68795	0.11421	0.00001	0.67839	0.00001	5.31540961694884	20.3416294373616	-8.21950686688265	-2.38557415255641	-37.875	-8.075	78.225	86.15	-165.15	-52.35	-22.75	-145.475	19.025	4	0	0	0	3.6825	4.465	68.36	143.725	-24.375	36	-17.625	36.975	-0.425	-24	37.9	-39.275	25.05	40.275	19.025	4	0	0	0	0.27575
4frn_I2A_4	Neg	0	UNK	0	2	3	2	1	4	4	170	8	32	10	24	16	0	54	34	170	1643.48648	1255.83783	387.64865	1.87399	9380.479	6292.587	3087.892	103111.070706857	188786.971515649	236494.264450945	0.436	0.79827	0.13408	0	0.58542	0.00001	5.59222331847271	22.4238553414049	-9.59470355273063	-3.04806860972231	-41.52857	128.825	77.3125	82.625	-147.77143	-73.92857	-73.85714	-163.7875	14.9625	8	0	0	0	4.40857	4.59571	22.39857	165.23333	-2.1	-147.98571	-89.78333	-127.25714	2.5125	-25.1875	37.0375	-36.6	21.5875	38.375	14.9625	8	0	0	0	0.62575
5xz1_QSV_5	Neg	0	UNK	0	0	4	1	1	1	5	123	6	24	7	14	12	0	41	25	123	897.5267	692.22989	205.29681	1.89832	4783.046	3125.823	1657.223	30511.6806479747	96852.7641137175	110576.689024581	0.27593	0.87589	0.24402	0.00001	0.3847	0.00003	5.23420657506032	20.7666145701922	-8.93486439669132	-2.70196397145908	-57.53333	167.78333	53.23333	78.7	-143.03333	-78.45	-64.5	-164.3	14.86667	6	0	0	0	4.51333	4.70167	24.16167	169.43333	3.48333	-144.4	-132.2	-117.75	2.71667	-27.35	40.4	-39.75	23.33333	41.93333	14.86667	6	0	0	0	0.7745
6xkn_B1Z_4	Neg	0	UNK	0	3	10	8	3	11	13	771	24	96	32	70	48	0	160	104	510	4361.66546999999	4202.25852999999	159.40694	1.77014	4856.15	3953.473	902.677	461187.656945911	962618.061748541	1032438.13829153	0.4467	0.93237	0.1321	0	0.56328	0	7.19831223059325	28.4468447713793	-12.1188140625461	-3.81572087516278	-37.65217	84.175	33.9125	79.7375	-139.77826	-78	-61.78261	-135.05833	15.16667	24	0	0	0	4.50435	4.67957	24.6313	151.45455	-95.99545	-144.16522	-135.34545	-102.98696	2.34583	-24.87083	36.6875	-36.34583	21.45	38.10833	15.16667	24	0	0	0	0.51917
4gma_I2A_3	Neg	0	UNK	0	5	6	7	4	12	10	471	22	88	29	68	44	0	147	95	471	4575.87701	3532.48613	1043.39088	1.87012	9086.384	6147.904	2938.48	554962.314382712	947768.599354052	1043935.02134941	0.53161	0.90788	0.08768	0	0.65375	0	6.70791613424543	26.9450173786672	-11.9027438376933	-3.85339252991209	9.72381	106.38182	89.00455	84.11364	-142.77273	-79.51818	-63.27273	-161.44091	78.89545	22	0	0	0	4.24	4.49818	32.58045	125.00952	-29.59048	-144.89545	-112.11905	-107.09091	3.21818	-23.8	34.15	-33.08182	18.97273	35.68182	78.89545	18	0	0	4	0.62609
6n5o_NAD_10	Neg	0	UNK	0	3	4	8	3	11	7	390	18	72	26	58	36	0	118	80	390	3049.0934	2464.60134	584.49206	2.02691	5600.164	3881.676	1718.488	253322.217852211	767607.665887191	820518.338210451	0.30873	0.93552	0.22199	0	0.4127	0	6.44481208191351	25.2529424059102	-10.861289277127	-3.52048482333018	-10.03333	15.74444	44.61667	85.84444	-132.75	-50.97778	-41.77778	-31.53889	59.91111	17	1	0	0	3.61778	4.40389	49.78	103.03333	-60.40556	-102.36667	-105.57778	-81.96111	3.68333	-22.85556	32.33889	-31.09444	17.27778	37.33889	59.91111	15	1	0	2	0.38011
4qk8_B1Z_3	Neg	0	UNK	0	8	6	9	5	17	11	603	28	112	37	90	56	0	187	121	603	4459.30906999999	3586.19383999999	873.11523	2.00693	5245.209	3621.531	1623.678	521453.553438455	1157738.78950586	1265557.07324832	0.41203	0.91481	0.15093	0	0.53124	0	6.92965282166582	27.3352327812662	-11.8985030564627	-3.83143089568965	-36.43214	63.71429	14.06786	79.44643	-129.42857	-54.94643	-35.85714	-140.86429	13.25357	28	0	0	0	4.41464	4.6425	32.94107	127.52143	-23.07143	-116.25	-101.18929	-93.81429	3.72857	-26.16429	37.51071	-36.375	20.56786	38.75357	13.25357	28	0	0	0	0.42471
3v7e_0_out_51	Neg	0	UNK	0	2	4	3	1	5	5	213	10	40	13	30	20	0	67	43	213	1514.687	1168.09767	346.58933	2.01388	13305.341	8159.306	5146.035	138041.785330199	154922.574116794	184734.28027743	0.74725	0.83862	0.02173	0	0.86692	0.00001	5.8101852700425	22.5433043892777	-9.64251207339446	-3.03202084485623	-63.89	100.42	51.5	82.27	-155.93	-73.23	-82.6	-148.54	18.55	10	0	0	0	3.976	4.55	21.763	167.12	-35.29	-147.82	-142.39	-124.25	0.06	-24.44	38.25	-39.2	24.65	40.41	18.55	10	0	0	0	0.8203
5u3g_FSJ_7	Neg	0	UNK	0	7	4	4	2	11	6	551	17	68	21	56	34	0	115	72	366	1755.28486	1673.16613	82.11873	2.28026	3876.121	3143.928	732.193	304907.984181945	341889.661026067	475798.781781893	0.64083	0.71856	0.05559	0	0.81483	0	6.6362955409934	24.7679148717525	-10.1239337824265	-3.2277690713561	-44.85294	61.74706	65.95882	92.82353	-135.66471	-66.8	-47.58824	-107.10588	40.45294	14	3	0	0	3.62588	4.04353	48.92412	37.12941	-75.05294	-85.53529	-103.97059	-43.81765	-1.7	-14.55294	24.38235	-26.01176	17.46471	37.9	40.45294	14	1	1	0	0.49135
6vwt_0_out_22	Neg	0	UNK	0	2	1	2	0	4	1	110	5	20	7	18	10	0	33	22	110	836.32341	701.06904	135.25437	1.91447	6293.534	4284.122	2009.412	39175.472834529	46272.3900286522	67334.4516075332	0.5818	0.6872	0.07838	0.00001	0.76924	0.00002	5.11023597358926	20.1139841120874	-8.64551335147032	-2.54619636208611	-61.56	169.88	51.26	79.74	-149.62	-74.02	-75.4	-166.7	16.36	5	0	0	0	4.538	4.62	22.756	164.58	34.84	-146.4	-138.4	-120.06	1.5	-24.12	36.3	-36.42	21.98	37.82	16.36	5	0	0	0	0.8184
7edl_NPM_10	Neg	0	UNK	0	3	5	6	2	9	7	344	16	64	22	50	32	0	106	70	344	2718.69615	2079.8608	638.83535	1.96289	2365.102	1574.542	790.56	377505.578563904	447249.975076467	540822.539615557	0.69802	0.82698	0.03172	0	0.82933	0	6.33311953208554	25.0440529899484	-10.850787335875	-3.47891013514809	-50.27333	102.3375	59.40625	78.16875	-144.01875	-81.26875	-62.8125	-141.2375	17.49375	16	0	0	0	4.40812	4.62688	35.82562	139.13333	-88.84	-146.625	-125.83333	-99.125	0.68125	-24.225	37.26875	-37.8875	23.41875	39.2625	17.49375	16	0	0	0	0.69
6ck4_0_out_11	Neg	0	UNK	0	1	4	2	0	3	4	148	7	28	9	20	14	0	47	30	148	757.49571	589.63539	167.86032	2.13481	19230.904	12926.865	6304.039	54861.9405868918	103108.030015006	137529.002572284	0.39891	0.74972	0.1589	0.00001	0.55698	0.00001	5.35860747808618	20.6644252353203	-8.69567631736523	-2.6948727483492	-68.67143	23.27143	55.2	80.71429	-139.45714	-71.48571	-68.14286	-153.65714	18.75714	7	0	0	0	4.03143	4.62143	34.30429	117.31429	-20.58571	-94	-145.78571	-35.28571	0.04286	-23.34286	36.35714	-37.35714	23.58571	39.07143	18.75714	7	0	0	0	0.54386
6laz_0_out_12	Neg	0	UNK	0	0	4	1	2	1	6	143	7	28	8	16	14	0	48	29	143	660.13343	521.25619	138.87724	2.06641	8440.891	4490.803	3950.088	46923.1456472936	179061.194054956	199953.530267561	0.23467	0.89551	0.27823	0	0.33049	0.00002	5.36340887284383	20.6743001152582	-8.6990992522354	-2.67696473748557	-50.58571	64.81429	54.02857	107.77143	-130.11429	-43.82857	-34.71429	-76.42857	72.51429	4	3	0	0	2.79571	3.23286	60.65286	136.38571	-39.74286	-91.88571	-63.91429	-84.62857	-8.9	1.35714	6.31429	-11.6	12.82857	37.81429	72.51429	4	3	0	0	0.44729
7tzs_0_out_22	Neg	0	UNK	0	1	2	4	1	5	3	174	8	32	12	26	16	0	52	36	174	651.0016	512.12434	138.87726	2.5989	6556.222	4507.445	2048.777	71383.8675554191	96185.4200065523	125147.333161601	0.5704	0.76858	0.07238	0.00001	0.7316	0.00001	5.45049779075992	20.509243409099	-8.48492331160284	-2.64714707178192	-12.525	161.7125	68.7875	92.5875	-135.1375	-30.8	-14.5	-154.9625	30.8625	7	1	0	0	4.12571	4.59857	22.34571	142.2375	-63.0375	-94.4375	-87.87143	-107.3	1.5875	-17.7375	26.3125	-26.1125	15.4375	36.5375	30.8625	7	1	0	0	0.695
3iwn_0_out_24	Neg	0	UNK	0	0	2	3	2	3	4	149	7	28	10	20	14	0	46	31	149	1022.13794	816.84111	205.29683	1.94021	10565.412	6287.223	4278.189	60884.5799210159	86422.5099332457	127585.910765047	0.4772	0.67737	0.12377	0.00001	0.66445	0.00001	5.3901979337591	21.1733158109511	-9.01365697018038	-2.68353935108541	-85.58571	33.28571	71.17143	85.05714	-128.44286	-40.05714	-36.85714	-160.15714	26.32857	6	0	0	0	3.82286	4.04143	29.25143	78.88571	-12.5	-100.18571	-123.95714	-77.04286	-4.72857	-19.5	34.91429	-38.42857	27.15714	39.8	26.32857	6	0	0	0	0.59843
4gma_0_out_8	Neg	0	UNK	0	3	0	0	3	3	3	126	6	24	6	18	12	0	42	24	126	1328.17639	1005.73965	322.43674	1.8421	9086.384	6147.904	2938.48	48726.4780124043	70364.8006046404	97613.7684195242	0.49918	0.72085	0.10682	0.00001	0.67455	0.00001	5.24400083543277	21.1376789897013	-9.20302741093085	-2.79634322422833	-78.08333	116.1	64.36667	87.81667	-152.28	-78.94	-73.4	-152.28333	12.63333	6	0	0	0	4.046	4.4	24.556	98.36	-170.06	-143.32	-122.22	-119.94	3.16667	-21.38333	30.33333	-29.2	16.56667	31.18333	12.63333	6	0	0	0	0.5415
4gma_0_out_12	Neg	0	UNK	0	3	1	1	0	4	1	109	5	20	6	18	10	0	34	21	109	607.79537	456.84183	150.95354	2.13394	9086.384	6147.904	2938.48	28288.6080024259	58235.1295883853	66472.3950282892	0.42557	0.87608	0.14069	0.00001	0.55469	0.00003	4.9308554770339	19.1721718104343	-8.10236908394108	-2.42538031044288	-69.14	142.76	76.24	86.74	-133.6	-34.08	-27.4	-152.54	27.1	4	0	0	0	3.874	4.394	43.262	33.64	-93.96	-98.38	-61.7	-70.2	-1.2	-17.84	28.94	-30.32	19.96	32.92	27.1	4	0	0	0	0.4334
6n5q_B1Z_6	Neg	0	UNK	0	6	5	10	5	16	10	562	26	104	36	84	52	0	172	114	562	3125.40269	2525.21145	600.19124	2.15793	5647.74	3910.821	1736.919	597914.520378973	898046.971297386	1154579.64909193	0.51786	0.77781	0.09326	0	0.67675	0	6.80722777313334	26.5416093969875	-11.2932399440667	-3.66372831196342	-40.05769	102.50769	56.10769	83.39615	-138.98462	-66.50385	-58.65385	-142.89615	18.95385	25	1	0	0	4.25808	4.52077	41.325	111.79231	-93.12692	-117.55385	-84.46538	-80.60385	1.87692	-22.91923	34.10385	-33.94615	20.19231	38.03846	18.95385	25	1	0	0	0.66142
5c7w_0_out_10	Neg	0	UNK	0	1	1	3	2	4	3	151	7	28	10	22	14	0	46	31	151	958.04268	756.36877	201.67391	1.94111	3038.815	2063.481	975.334	49826.6714083059	141068.185549418	164206.669046603	0.30344	0.85909	0.22234	0.00001	0.42095	0.00002	5.46128164147434	21.431433789674	-9.00512471583471	-2.78937383765221	-22.42857	70.2	10.97143	79.95714	-133.32857	-57.04286	-25	-68.98571	19.12857	7	0	0	0	4.44857	4.64857	38.21714	124.81429	-123.81429	-25.4	-141.54286	-57.85714	-0.55714	-22.78571	36.3	-37.62857	24	38.81429	19.12857	7	0	0	0	0.30043
6wtl_JS6_1	Neg	0	UNK	0	5	5	8	6	13	11	514	24	96	32	74	48	0	160	104	514	4315.24075	3416.7653	898.47545	1.90992	5469.016	3787.654	1681.362	669971.722293798	844460.669547215	1064150.16718957	0.62958	0.79355	0.05101	0	0.77947	0	6.78712710481776	27.1570338101937	-11.8700026123277	-3.81395286954839	-28.675	4.14167	15.40417	83.05833	-128.725	-66.875	-46.83333	-133.65	20.175	23	1	0	0	4.28125	4.47458	31.07375	108.2125	4.67917	-129.79167	-78.26667	-109.6625	2.10417	-22.80833	33.73333	-33.44167	19.74583	37.95	20.175	23	1	0	0	0.42558
4gxy_0_out_13	Neg	0	UNK	0	1	3	5	2	6	5	237	11	44	16	34	22	0	72	49	237	1589.81663	1274.62565	315.19098	1.97528	7324.117	5132.664	2191.453	126912.377990805	208635.926471845	287404.766922963	0.44158	0.72593	0.13583	0	0.61118	0.00001	5.93137296129715	23.2581988642018	-10.0499525803643	-3.14328288177599	-39.88182	-5.00909	16.07273	97.01818	-148.08182	-86.88182	-61.36364	-138.02727	52.34545	8	3	0	0	3.45909	3.87091	39.08091	85.71818	32.94545	-90.5	-38.95455	-78.03636	-6.52727	-7.00909	17.15455	-21.33636	17.5	37.2	52.34545	8	2	0	0	0.48509
4zc7_0_out_4	Neg	0	UNK	0	0	1	2	1	2	2	86	4	16	6	12	8	0	26	18	86	699.7978	570.58158	129.21622	1.88387	4209.177	2881.208	1327.969	14684.9691885318	42994.1516399535	44536.8487393068	0.32973	0.96536	0.20937	0.00002	0.431	0.00007	4.81166595798578	19.1971569601436	-7.97789433947548	-2.2758896661287	-78.175	-0.575	71.575	76.975	-151.8	-68.65	-83	-171.075	16.375	4	0	0	0	4.5725	4.625	25.2675	172.025	-174.725	-146.1	-138.6	-117.75	1.575	-25.625	38.75	-38.825	23.4	40.475	16.375	4	0	0	0	0.4085
4qk9_0_out_3	Neg	0	UNK	0	1	6	7	2	8	8	343	16	64	23	48	32	0	105	71	343	1935.4685	1587.67158	347.79692	2.1918	5228.959	3604.467	1624.492	292209.1082469	371409.0387261	459919.96171947	0.63535	0.80755	0.04856	0	0.78024	0	6.29982101279321	24.2190295420083	-10.2541661555126	-3.29184744583162	-19.05	21.76875	20.75	84.675	-138.11875	-64.7	-50.9375	-141.9875	24.2375	15	1	0	0	4.21562	4.36	31.65	99.3125	-92	-111.04375	-129.5	-86.2125	0.875	-21.25	32.51875	-32.925	20.19375	38.35625	24.2375	15	1	0	0	0.60825
6tfe_0_out_4	Neg	0	UNK	0	0	3	2	1	2	4	192	6	24	8	16	12	0	40	26	126	1145.75893	1105.9072	39.85173	1.73613	2607.425	2079.415	528.01	38183.2674132432	71708.3840463532	82491.1869410851	0.46288	0.86929	0.11949	0.00001	0.59543	0.00002	5.6703954291295	22.3202479696254	-9.22773546599112	-2.68240907255359	-62.13333	170.25	56.93333	78.45	-150.32	-74.26	-76	-162.15	16.28333	6	0	0	0	4.466	4.612	22.486	170.94	-175.58	-149.88	-137.94	-124.52	1.58333	-24.71667	37.23333	-37.25	22.51667	38.85	16.28333	6	0	0	0	0.68717
7wi9_0_out_4	Neg	0	UNK	0	1	2	2	0	3	2	108	5	20	7	16	10	0	33	22	108	836.47581	664.99258	171.48323	1.90332	2414.625	1645.474	769.151	29921.963845323	48540.3065092685	62625.1677350605	0.47779	0.77509	0.11254	0.00001	0.63624	0.00003	5.10987513487943	20.4363575942819	-8.54707213639546	-2.56848508479216	-81.6	92.14	73.14	79.56	-147.04	-72.14	-74.6	-96.46	14.76	5	0	0	0	4.574	4.668	23.93	165.94	105.22	-150.3	-148.32	-125.74	2.62	-25.24	37.02	-36.48	21.34	38.28	14.76	5	0	0	0	0.6778
4gxy_0_out_14	Neg	0	UNK	0	1	3	4	0	5	3	174	8	32	12	26	16	0	52	36	174	1105.65388	888.28079	217.37309	2.03243	7324.117	5132.664	2191.453	79595.3614794775	101786.500230247	124640.024923257	0.6386	0.81664	0.04722	0.00001	0.78029	0.00001	5.56148952499113	21.9332145355041	-9.37352619658661	-2.82093356333549	-26.9125	82.8125	24.4375	87.2875	-139.95	-56.3375	-38.375	-117.7375	39.775	7	1	0	0	4.08625	4.3375	42.4725	82.0625	-121.0375	-114.875	-122.65	-100.4	0.1125	-19	29.6125	-30.3125	19.0375	36.775	39.775	7	0	1	0	0.44312
4znp_I2A_8	Neg	0	UNK	0	3	2	6	1	9	3	264	12	48	18	42	24	0	78	54	264	1972.8887	1581.61712	391.27158	1.94829	6366.028	4258.714	2107.314	136950.348664314	506479.277046011	577204.325258868	0.23726	0.87747	0.2756	0	0.33659	0.00001	6.04422467222385	24.0299906961117	-10.3404425322842	-3.26342329936826	-60.94167	108.15833	69.45	78.71667	-133.00833	-62.80833	-40.25	-122.4	15.16667	12	0	0	0	3.78167	4.67167	43.1725	152.1	48.81667	-95.775	-115.01667	-47.275	2.25833	-25.35833	37.69167	-37.39167	22.14167	39.53333	15.16667	11	0	0	0	0.54208
4znp_0_out_14	Neg	0	UNK	0	4	3	4	2	8	5	280	13	52	17	42	26	0	87	56	280	1915.17743	1521.49059	393.68684	2.09242	6366.028	4258.714	2107.314	155905.160475869	256087.825160615	295242.372570441	0.52806	0.86738	0.0875	0	0.66133	0.00001	6.05560065721087	23.8867686061394	-10.1395995199118	-3.1304869240827	-36.1	124.67692	46.36923	83.6	-133.05	-72.49167	-30.41667	-111.33077	25.46923	12	1	0	0	4.51833	4.68083	29.51167	136.53333	2.09167	-106.73333	-74.65	-83.00833	0.04615	-20.30769	31.83077	-32.67692	20.49231	39.43077	25.46923	12	1	0	0	0.35154
5c7w_MMP_10	Neg	0	UNK	0	3	3	3	3	6	6	255	12	48	15	36	24	0	81	51	255	1804.69432	1388.06257	416.63175	1.9834	3038.815	2063.481	975.334	133444.232252356	393122.748945587	434987.255356272	0.30678	0.90376	0.22142	0	0.41634	0.00001	5.98465242828556	23.4298940219762	-9.91739060472799	-3.08573651477398	-27.58333	29.55	8.68333	96.55	-130.84167	-43.10833	2.41667	-117.41667	83.45	9	3	0	0	3.3225	3.79083	37.7375	87.96667	-84.40833	-7.54167	-92.475	-24.525	-5.58333	-8.38333	18.525	-22.3	17.50833	37.70833	83.45	8	3	0	1	0.27925
5u3g_R14_2	Neg	0	UNK	0	3	7	9	4	12	11	742	23	92	32	70	46	0	152	101	493	3272.00942999999	3119.84825	152.16118	2.05244	3876.121	3143.928	732.193	416585.360372681	873198.930844552	939033.599549543	0.44363	0.92989	0.13362	0	0.56073	0	7.04709511573424	27.1093688067246	-11.3873096187633	-3.65754343136553	-42.27826	109.30435	65.94783	86.6913	-140.13913	-62.11739	-62.43478	-146.16522	27.76522	21	2	0	0	4.18435	4.29609	34.83	123.2913	-104.87391	-109.67826	-113.87391	-82.09565	0.2087	-20.24348	31.38696	-32.12174	20.11739	39.36522	27.76522	21	2	0	0	0.58117
5nep_0_out_1	Neg	0	UNK	0	1	1	3	1	4	2	195	6	24	9	20	10	0	39	26	128	790.89531	742.59018	48.30513	1.93221	1014.523	801.969	212.554	48466.3336804011	73079.824956419	87942.0147863609	0.55112	0.831	0.07732	0.00001	0.69407	0.00002	5.64430904179242	21.712770150867	-8.76451201814397	-2.75930723047583	-63.58	30.52	53.66667	79.83333	-151.16	-69.26	-81.8	-164.25	14.13333	6	0	0	0	4.528	4.668	23.33	170.075	-86.55	-146.325	-138.1	-124.4	3.18333	-26.8	38.88333	-38.13333	21.95	40.15	14.13333	6	0	0	0	0.73933
4gxy_ISH_10	Neg	0	UNK	0	3	1	2	3	5	4	192	9	36	11	28	18	0	61	38	192	1229.09645	977.90975	251.1867	2.2438	7324.117	5132.664	2191.453	110482.794091443	185925.987568421	192713.65247891	0.5733	0.96478	0.07448	0	0.67764	0.00001	5.64600132712726	21.7819710150236	-9.182755595464	-2.84661307580433	0.42222	87.18889	39.45556	96.27778	-131.04444	-38.34444	-12.66667	-136.22222	83.62222	7	2	0	0	3.05	3.85889	63.73889	98.33333	-120.34444	-82.14444	-98.02222	-31.96667	-2.45556	-11.2	19.94444	-21.9	15.32222	37.03333	83.62222	6	2	0	1	0.36967
5d5l_0_out_34	Neg	0	UNK	0	1	1	0	2	1	3	123	4	16	4	10	8	0	28	16	82	461.14916	439.41186	21.7373	2.01788	14289.785	11287.58	3002.205	13291.3670842022	45161.5402244579	45789.8557656749	0.29027	0.98628	0.24024	0.00002	0.38251	0.00007	5.13750589344064	19.7896294127338	-7.67831676583409	-2.32999511735369	-60.025	168.35	55.2	78.675	-148.1	-76.6	-71.5	-162.775	15.2	4	0	0	0	4.4875	4.6525	22.25	169.4	-87.675	-149.425	-136.85	-130.925	2.35	-25.4	37.6	-37.225	21.975	38.975	15.2	4	0	0	0	0.9025
3gog_LLL_6	Neg	0	UNK	0	2	2	1	4	3	6	187	9	36	10	24	18	0	62	37	187	1407.54001	1088.72618	318.81383	1.96854	2871.704	1946.068	925.636	89333.5564648394	163795.39921785	202735.365981866	0.44064	0.80793	0.13121	0	0.5879	0.00001	5.65719482697442	22.1295420467164	-9.53233385628498	-2.95231467453377	-14.44444	-12.17778	48.64444	86.47778	-141.2375	-74.375	-66.75	-158.27778	24.93333	8	1	0	0	3.965	4.21625	30.07875	143.425	-22.05	-134.5	-120.975	-111.075	-0.56667	-20.22222	32.15556	-33.3	21.32222	38.35556	24.93333	8	0	0	0	0.48689
4frg_0_out_8	Neg	0	UNK	0	5	0	2	1	7	1	176	8	32	10	30	16	0	54	34	176	1187.88684	818.35261	369.53423	1.91484	7637.394	5075.095	2562.299	56115.7547670157	143448.968539413	154783.315638113	0.36254	0.92677	0.1834	0.00001	0.47509	0.00002	5.61831628336619	22.212037489302	-9.68943711353462	-2.96901776562286	1.8	48.2375	52.5375	89.975	-134.1	-86.9	-47	-134.2	32.75	7	1	0	0	3.8	4.18625	61.5875	64.2875	-142.05	-99.3625	-61.7875	-73.9375	0.525	-18.025	27.8625	-28.4125	17.5625	37.625	32.75	7	1	0	0	0.56637
2f4t_0_out_5	Neg	0	UNK	0	0	2	1	1	1	3	83	4	16	5	10	8	0	27	17	83	725.32988	564.71532	160.61456	1.88259	2463.038	1605.303	857.735	13349.8765113316	43960.5017189642	44290.9741550253	0.30141	0.99254	0.2326	0.00002	0.39418	0.00007	4.82253116187089	19.1975268779361	-8.36675760028814	-2.34763910649483	-65.325	-3.275	57.175	78.975	-161.975	-69.05	-92.75	-166.45	20.35	4	0	0	0	4.4625	4.53	23.6425	170.975	-85.6	-151.475	-138.55	-126.675	-1.875	-24.775	40.6	-42.575	27.95	44	20.35	4	0	0	0	0.673
8gxc_0_out_12	Neg	0	UNK	0	3	1	0	3	3	4	146	7	28	7	20	14	0	49	28	146	1195.39962	882.62392	312.7757	2.02581	12679.368	6444.236	6235.132	51713.9026540551	81647.2612164071	115777.141029603	0.44667	0.70521	0.13552	0.00001	0.62271	0.00001	5.37928752697752	20.8446963448559	-8.92891703427329	-2.74228877156206	-27.95714	99.44286	21.01429	110.62857	-132.24286	-47.74286	18.57143	-108.2	130.87143	4	3	0	0	2.45143	3.26714	30.24857	70.92857	-19.5	-36.71429	-46.51429	21.48571	-10.04286	4.44286	2.61429	-8.54286	11.62857	37.67143	130.87143	3	3	0	1	0.27057
8i3z_LIV_9	Neg	0	UNK	0	4	4	4	1	8	5	421	13	52	17	42	26	0	87	56	280	1387.88081	1335.95278	51.92803	2.4281	2718.09	2029.823	688.267	134480.340081788	430289.854290856	459752.708652731	0.29251	0.93592	0.23417	0	0.39378	0.00001	6.29575021879767	23.574129976644	-9.7175162432272	-3.12603618449768	-32.76154	11.07692	21.43846	90.02308	-147.33077	-83.36154	-64	-154.56923	36.41538	11	2	0	0	4.06308	4.28	30.05846	140.41538	-88.6	-146.20769	-102.06154	-117.43077	-1.21538	-16.27692	26.53846	-28.03077	18.38462	37.57692	36.41538	11	2	0	0	0.66467
3d2v_B1Z_2	Neg	0	UNK	0	1	0	8	5	9	5	306	14	56	22	46	28	0	90	64	306	1389.60021	1086.48551	303.1147	2.41375	6420.814	4482.335	1938.479	217408.478131692	507163.780249849	591132.788592006	0.36778	0.85795	0.17638	0	0.49572	0	6.04448331921272	22.9720121153096	-9.73823237245143	-3.22077255009472	-36.22308	54.10714	56.85	95.7	-134.29286	-44.14286	-13.07143	-101.80714	46.6	10	3	0	0	3.53286	3.80786	68.80429	59.55385	-34.95385	-97.29286	-65.73077	-49.25714	-4.20714	-12.30714	23.05714	-26.1	19.20714	39.65	46.6	10	3	0	0	0.50957
4gxy_R14_10	Neg	0	UNK	0	4	2	2	1	6	3	194	9	36	11	30	18	0	61	38	194	1171.78074	914.55593	257.22481	2.1523	7324.117	5132.664	2191.453	88741.3236388305	137172.861109369	188982.392785073	0.46957	0.72585	0.12081	0	0.64166	0.00001	5.69244378847086	22.1430936735509	-9.31985561796273	-2.84717682738747	-36.58889	162.21111	55.41111	86.68889	-139.16667	-58.54444	-40.66667	-149.71111	33.24444	8	1	0	0	3.67111	4.32444	34.28556	150.78889	-70.83333	-118.5	-80.13333	-93.64444	-2.97778	-16	27.98889	-30.46667	21.04444	39.08889	33.24444	8	1	0	0	0.573
6xkn_0_out_12	Neg	0	UNK	0	3	0	2	2	5	2	227	7	28	9	24	14	0	47	30	152	1101.09404	1053.99654	47.0975	1.78583	4856.15	3953.473	902.677	61216.8898178503	95099.4391799306	128330.113691145	0.47703	0.74105	0.11546	0.00001	0.64519	0.00001	5.85524104396268	22.6212302791486	-9.34034400464175	-2.80495830930578	-12.62857	163.61429	70.28571	89.48571	-129.1	-50.12857	-27.71429	-111.2	37.48571	6	1	0	0	3.95429	4.15	27.14286	141.81429	-46.48571	-107.02857	-66.21429	-83.2	0.27143	-17.24286	26.72857	-27.31429	17.01429	37.57143	37.48571	6	1	0	0	0.57557
7d7v_JS6_10	Neg	0	UNK	0	2	6	2	2	4	8	250	12	48	14	32	24	0	82	50	250	1847.84537	1461.40433	386.44104	1.99881	4173.7	2394.681	1779.019	184791.440804589	322385.646013902	466475.424498563	0.39614	0.69111	0.16734	0	0.56938	0	5.96093403715293	23.4325234655604	-10.0538742689982	-3.25561080271596	-44.54167	107.45	52.94167	91.76667	-133.14167	-29.75833	-13.41667	-151	39.03333	10	2	0	0	3.54833	4.0975	56.1225	71.275	-96.5	-83.83333	-100.59167	-38.375	-1.69167	-14.375	24.13333	-25.80833	17.34167	37.43333	39.03333	10	2	0	0	0.51325
3v7e_0_out_10	Neg	0	UNK	0	2	1	1	2	3	3	127	6	24	7	18	12	0	41	25	127	914.13821	718.50242	195.63579	1.98513	13305.341	8159.306	5146.035	36101.8074489436	71950.3427776559	79469.5442154759	0.45428	0.90538	0.12592	0.00001	0.57756	0.00003	5.21092689018687	20.6028360290615	-8.62155672008052	-2.62892669456168	-37.01667	8.25	74.8	82.38333	-150.88333	-73.96667	-77	-94.43333	14.23333	6	0	0	0	4.06	4.59667	22.24833	166.35	-117	-146.06667	-129.01667	-118.41667	3.16667	-27.06667	39.55	-38.7	22.36667	40.83333	14.23333	6	0	0	0	0.52567
2fcx_0_out_4	Neg	0	UNK	0	2	0	2	1	4	1	110	5	20	7	18	10	0	33	22	110	906.26534	693.72279	212.54255	1.93493	2414.547	1582.727	831.82	37975.139538794	56022.4009356812	67854.2947686499	0.55966	0.82563	0.07395	0.00001	0.70389	0.00002	5.09091942210216	20.5279477672636	-8.46892552446958	-2.60296508112617	-14.54	102.12	72.56	81.24	-144.4	-75.2	-69.25	-92.02	15.08	5	0	0	0	4.4	4.6625	22.34	165.9	-1.125	-144.875	-143.825	-117.025	2.46	-26.32	38.86	-38.52	22.68	40.34	15.08	5	0	0	0	0.61
3npn_0_out_2	Neg	0	UNK	0	0	2	3	1	3	3	129	6	24	9	18	12	0	39	27	129	1081.2562	857.84499	223.41121	1.89559	2595.34	1746.952	848.388	45066.7725542783	67222.1416919127	91890.624601622	0.49044	0.73155	0.10977	0.00001	0.66216	0.00002	5.25417300733554	21.0142164526549	-9.01020249998657	-2.68920508875135	16.68333	41.76667	95.26667	78.81667	-138.41667	-89	-49.5	-52.18333	71.2	6	0	0	0	4.57667	4.695	23.45833	165.66667	116.21667	-150.01667	-145.66667	-126.55	4.93333	-29.23333	41.18333	-39.33333	21.76667	43	71.2	5	0	0	1	0.229
4frn_0_out_26	Neg	0	UNK	0	2	1	0	3	2	4	124	6	24	6	16	12	0	42	24	124	568.48055	441.67958	126.80097	2.152	9380.479	6292.587	3087.892	56221.2436005361	60320.8117596159	74572.7960230384	0.75391	0.80888	0.02252	0.00001	0.88253	0.00001	5.14472070466375	20.1753586619918	-8.73867408055684	-2.55282503666537	-67.41667	-52.6	16.38333	111.96667	-129.8	-102.33333	-27.5	-129.68333	90.83333	3	3	0	0	2.07167	2.84667	96.39	25.1	-70.73333	-78.53333	-52.76667	-8.25	-11.06667	6.6	0.08333	-6.53333	11.03333	36.53333	90.83333	3	3	0	0	0.357
4kqy_0_out_6	Neg	0	UNK	0	2	1	2	0	4	1	110	5	20	7	18	10	0	33	22	110	854.72815	626.48643	228.24172	1.90434	5398.97	3659.125	1739.845	40444.3203272185	50762.6931969859	79993.3003495241	0.5056	0.63459	0.11898	0.00001	0.70872	0.00002	5.11023597358926	20.1139841120874	-8.58500757332097	-2.55447636583091	-2.74	-68.44	65.5	89.96	-72.58	4.02	-4.4	42.78	62.8	3	1	0	0	3.194	3.43	40.298	33.48	-98.64	-94.64	-74.46	-83.38	-10	-4.48	16.36	-22.48	20.42	36.62	62.8	3	1	0	0	0.1826
5u3g_0_out_8	Neg	0	UNK	0	0	3	4	0	4	3	229	7	28	11	22	14	0	45	32	152	1228.61753	1200.84206	27.77547	1.77145	3876.121	3143.928	732.193	67208.0444044082	73716.0497966936	109493.122927029	0.61381	0.67325	0.07088	0.00001	0.80515	0.00001	5.81612580484923	23.0125680339546	-9.55784281365355	-2.81732307638683	-61.74286	166.8	56.22857	78.31429	-142.5	-77.45714	-65	-170.35714	13.97143	7	0	0	0	4.66	4.72143	23.31857	168.42857	-25.75714	-145.17143	-140.71429	-119.48571	3.24286	-26.61429	38.62857	-37.82857	21.77143	39.85714	13.97143	7	0	0	0	0.77629
4erj_0_out_1	Neg	0	UNK	0	1	3	1	1	2	4	125	6	24	7	16	12	0	41	25	125	798.45969	654.75193	143.70776	2.02679	6930.167	4783.424	2146.743	30493.0422699353	82664.895376545	95874.1596487593	0.31805	0.86222	0.21147	0.00001	0.43763	0.00003	5.25208890665388	20.2334501333825	-8.48972335148915	-2.52660510984975	-62.75	110.41667	55.31667	80.95	-144.9	-79.66667	-65.33333	-162.98333	16.23333	6	0	0	0	4.41333	4.63167	23.54833	169.4	-57.28333	-147.96667	-137.06667	-117.76667	1.66667	-24.01667	36.08333	-36.16667	21.73333	37.6	16.23333	6	0	0	0	0.7185
5t83_I2A_10	Neg	0	UNK	0	3	2	5	3	8	5	281	13	52	18	42	26	0	86	57	281	1798.92504	1449.92046	349.00458	2.14038	3829.385	2659.465	1169.92	159586.943566181	448311.335501435	535506.760221844	0.29801	0.83717	0.2263	0	0.41871	0.00001	6.04163784034912	23.5727604166596	-10.1511081033409	-3.24951079580975	-24.25385	63.78462	28.47692	78.53077	-144.65385	-71.21538	-73.38462	-114.29231	66.27692	13	0	0	0	4.59154	4.70154	28.49462	160.70769	-45	-114.16154	-85.92308	-110.94615	5.57692	-29.76154	41.27692	-39.05385	21.12308	42.6	66.27692	11	0	0	2	0.18715
6vmy_NAI_2	Neg	0	UNK	0	8	4	4	2	12	6	388	18	72	22	60	36	0	122	76	388	3423.92858	2567.72012	856.208459999999	1.8742	7236.162	4819.429	2416.733	284684.878716481	603541.587840567	658802.089338023	0.43213	0.91612	0.13913	0	0.55206	0	6.48330956686787	25.7977108955716	-11.3912583535293	-3.66571825178673	-54.38333	-50.27222	65.20556	82.48333	-87.11176	-61.36471	-47	-126.45	19.45556	18	0	0	0	2.37882	4.47529	32.52235	137.90588	-10.37059	-123.2	-92.96471	-83.35882	-0.52778	-21.42222	33.86111	-35.12778	22.51667	35.96111	19.45556	18	0	0	0	0.20483
