Family_name	A	C	G	U	purines	pyrimidines	total_atoms	total_residues	HBA	HBD	polar	anion	cation	hydrophobic	others	total_heavy_atoms	r_sasa	r_polar_sasa	r_nonpolar_sasa	pocket_depth	mol_sa	polar_sa	nonpolar_sa	pmi_1	pmi_2	pmi_3	npr1	npr2	asphericity	eccentricity	spherocity_index	inertial_shape_factor	roughness_0.4	roughness_0.8	roughness_1.6	roughness_3.2	alpha	beta	gamma	delta	epsilon	zeta	e_z	chi	phase_angle	st_C3'_endo	st_C2'_endo	st_C3'_exo	st_C2'_exo	ssZp	Dp	splay	eta	eta'	theta'	eta''	theta''	v0	v1	v2	v3	v4	tm	P	pucker_C3'_endo	pucker_C2'_endo	pucker_C3'_exo	pucker_C2'_exo	suite
NAD-I	3.25	4.6875	1.9375	1.3125	5.1875	6.0	244.1875	11.1875	44.75	13.125	32.75	22.375	0.0	76.375	46.6875	236.0625	1326.848763125	1060.491258125	266.35750499999995	2.1774674999999997	2625.02275	1751.6578125	873.3649375	121107.22318868774	245496.49483251004	295005.988959478	0.41594312499999997	0.827685625	0.14796874999999998	0.0	0.555170625	1e-05	5.883427113548564	22.735742876592703	-9.600903242234178	-3.0570875026606106	-44.778588125	62.453599999999994	55.703249375	88.451024375	-129.805123125	-56.721598125	-40.551804375	-124.47442375	33.7001425	10.0	1.1875	0.0	0.0	3.947726875	4.2185299999999994	38.422125625	117.787624375	-65.62392875	-107.38029625	-96.44504375	-83.40120562499999	-0.6517793749999999	-17.651256875	28.250976875	-29.418853125000002	18.934610624999998	36.649432499999996	33.7001425	9.9375	1.1875	0.0	0.0625	0.563884375
NAD-II	5.416666666666667	3.5833333333333335	5.416666666666667	2.0	10.833333333333334	5.583333333333333	471.5	16.416666666666668	65.66666666666667	21.833333333333332	54.5	32.833333333333336	0.0	109.5	71.08333333333333	355.4166666666667	1796.4101558333323	1583.3644049999991	213.04575083333327	2.4092783333333334	4617.9470833333335	2900.1445	1717.8025833333334	290476.3151775036	377350.80196023546	434277.01353132445	0.6856025	0.8630575	0.04110166666666667	0.0	0.8051158333333334	0.0	6.45759177091919	24.303209069739093	-10.080535264613468	-3.219714618144406	-37.99198166666667	16.539220833333335	37.063264999999994	92.9257925	-131.93529333333336	-52.93660083333334	-28.67042583333333	-141.9092633333333	50.0620375	13.75	2.6666666666666665	0.0	0.0	3.6524674999999998	3.949548333333334	53.694409166666674	84.44688583333334	-43.22372333333334	-58.901624999999996	-51.0077475	-55.67755666666667	-1.401786666666667	-14.507176666666668	24.001181666666668	-25.480231666666665	16.932549166666668	38.11414833333333	50.0620375	13.0	2.5	0.16666666666666666	0.5	0.46571500000000005
Purine riboswitch	5.32	2.5	0.86	5.1	6.18	7.6	292.82	13.78	55.28	14.68	40.04	27.64	0.0	95.88	56.14	289.66	1243.3260188	960.4994797999998	282.8265389999999	2.5965344	3876.38826	2642.3374400000002	1234.0508200000002	189167.7537361458	232389.15503916366	288926.2607407818	0.650305	0.7988176000000001	0.048514999999999996	0.0	0.7951894000000002	8.000000000000001e-07	5.978892247775088	22.58940319630322	-9.392877620296582	-3.0175511470809147	-29.597730000000002	34.915493	52.57075220000001	95.2902666	-126.8060912	-47.87779	-23.477949999999996	-131.4048042	58.57330819999999	10.88	2.74	0.0	0.0	3.3217928	3.8745141999999997	47.8355632	79.8398576	-62.66492619999999	-78.17244840000001	-92.224656	-62.1735678	-3.5138372	-12.1756284	22.313915599999994	-24.886781400000004	17.920567000000002	38.667221600000005	58.57330819999999	9.9	2.1	0.4	0.44	0.443286
THF-I PK site	2.230769230769231	1.2307692307692308	3.8461538461538463	2.4615384615384617	6.076923076923077	3.6923076923076925	211.3846153846154	9.76923076923077	39.07692307692308	13.615384615384615	31.692307692307693	19.53846153846154	0.0	64.53846153846153	42.92307692307692	211.3846153846154	1014.3239030769231	803.2676407692309	211.0562623076923	2.4504	4018.019	2753.322153846154	1264.6968461538463	109774.8902462084	172778.3586728744	205045.4409093231	0.5271292307692307	0.8490230769230771	0.09235	2.307692307692308e-06	0.6650176923076923	1e-05	5.6543481549301795	21.50347723536678	-8.928570159255525	-2.8547222024527503	-39.95470846153846	41.49396307692307	21.77947846153846	91.6157823076923	-133.47465769230772	-79.54888538461539	-41.19419153846154	-132.93816	51.83720307692309	7.6923076923076925	1.8461538461538463	0.0	0.0	3.8108284615384616	3.9959792307692314	50.641380769230764	80.02064461538461	-84.26063846153846	-65.0054123076923	-108.21426153846154	-33.90453076923077	-3.373101538461538	-12.914706153846153	23.437453846153844	-26.031679999999998	18.500611538461538	38.69668	51.83720307692309	7.384615384615385	1.7692307692307692	0.0	0.23076923076923078	0.5742384615384616
THF-I 3WJ site	2.0	1.1	4.1	2.2	6.1	3.3	204.3	9.4	37.6	13.5	31.0	18.8	0.0	61.7	41.7	204.3	1029.2984499999998	824.967747	204.330703	2.38804	4019.3652	2754.3138	1265.0514	101058.78188727576	168823.75457750176	197185.72939257594	0.506022	0.8624449999999999	0.101566	3.0000000000000005e-06	0.640759	1e-05	5.643436816388578	21.520491529374848	-8.982289134030248	-2.864721806411908	-39.894833000000006	44.541834	16.08461	91.213972	-133.47922200000002	-75.536611	-41.399722000000004	-134.25397200000003	53.9535	7.4	1.7	0.0	0.0	3.813644000000001	4.020567	51.131899999999995	81.993944	-85.14119400000001	-74.216278	-110.62338900000002	-41.436723	-3.297638	-13.192194	23.807250000000003	-26.372805999999997	18.668917	38.597972	53.9535	7.0	1.6	0.0	0.3	0.579417
THF-II site	4.0	3.0	2.0	3.5	6.0	6.5	264.0	12.5	50.0	14.5	37.0	25.0	0.0	85.5	52.0	264.0	1794.4484750000004	1431.5562	362.8922749999998	2.01681	2416.389	1650.2525	766.1365	171408.24962648586	225297.11179436182	275628.1278956637	0.621365	0.8168599999999999	0.05256	0.0	0.76444	0.0	6.045923849271828	23.76492232929722	-10.12267077505183	-3.1787183376408477	-36.80224	106.71474	44.93526	85.41794999999999	-145.25769	-49.290065	-38.28205	-140.201605	27.42628	11.5	1.0	0.0	0.0	3.8498099999999997	4.39093	37.26776	118.891025	-129.53878	-107.66346	-88.273395	-106.316665	-0.02051	-19.585575	30.655124999999998	-31.527884999999998	19.883975	38.072435	27.42628	11.5	1.0	0.0	0.0	0.5202100000000001
TPP site	5.3478260869565215	5.0	7.173913043478261	2.869565217391304	12.521739130434783	7.869565217391305	438.04347826086956	20.391304347826086	81.1304347826087	27.304347826086957	65.56521739130434	40.78260869565217	0.0	135.1304347826087	88.1304347826087	438.04347826086956	1990.6447678260854	1585.3542217391298	405.29054608695634	2.2826752173913043	4568.460652173913	3041.665260869565	1526.795391304348	370781.2502138983	658002.7897397307	733780.0398997426	0.5381356521739129	0.8845617391304349	0.08907043478260868	0.0	0.6646247826086956	4.347826086956522e-07	6.448739176941145	24.81039353251708	-10.517899698015745	-3.419814850665287	-16.470852173913045	33.5176047826087	53.77692521739131	89.32071565217392	-125.02879826086955	-31.37147043478261	-21.59745739130435	-119.08885869565219	51.044489999999996	17.434782608695652	2.0434782608695654	0.0	0.0	3.501406956521739	4.231330000000001	43.98432782608695	94.5223556521739	-46.28463913043479	-83.48367913043478	-76.98400782608697	-50.68811869565217	-0.08643086956521735	-18.55444652173913	29.038762608695656	-29.836955217391303	18.91009478260869	37.33868347826087	51.044489999999996	15.91304347826087	1.2173913043478262	0.6956521739130435	1.0869565217391304	0.41589869565217397
PreQ1 Class I site	4.638888888888889	4.305555555555555	3.1944444444444446	3.2222222222222223	7.833333333333333	7.527777777777778	436.1388888888889	15.36111111111111	61.19444444444444	18.47222222222222	46.22222222222222	30.666666666666668	0.0	103.75	64.36111111111111	324.6666666666667	1905.7788333333326	1731.3771722222214	174.40166111111108	2.1535297222222223	1062.437111111111	724.9413888888889	337.4957222222222	233496.42259274423	290186.7121794289	362345.971166609	0.6476813888888889	0.8006247222222221	0.04775611111111112	0.0	0.7934249999999999	5.555555555555556e-07	6.415525803243466	24.495957140022735	-10.106329209480291	-3.195041251878689	-35.65537666666667	13.774252222222223	32.94441527777778	94.02637638888889	-127.42465000000003	-77.02926527777778	-44.18000305555555	-112.3649133333333	78.82541916666668	13.305555555555555	1.3888888888888888	0.0	0.0	3.9148038888888896	4.201258888888889	37.910925	105.02969722222223	-54.194337499999996	-96.75754277777779	-77.29778166666667	-61.69811111111111	1.5115944444444442	-18.456600555555553	27.46243138888889	-27.365222222222222	16.285788333333336	36.63991166666667	78.82541916666668	11.055555555555555	0.8333333333333334	0.5555555555555556	2.25	0.2988036111111112
PreQ1 Class II site	5.05	1.9	1.0	4.95	6.05	6.85	402.2	12.9	51.6	13.9	37.9	25.8	0.0	89.3	52.6	271.1	1558.9880654999993	1514.3661804999992	44.621885	1.9915195000000003	894.9322	686.54425	208.38795	170180.9560502243	214806.54370707824	280278.41818176967	0.6071614999999999	0.7671150000000001	0.060654500000000014	0.0	0.76689	5.000000000000001e-07	6.399518095804825	24.471818299139244	-10.005510664852537	-3.0795208672435592	-50.69979249999999	-20.806398	34.753324500000005	102.74538199999999	-52.89769249999999	-47.84066700000001	-23.950351500000004	-123.221151	116.978358	9.2	1.9	0.0	0.0	3.463147	3.745827	26.606519499999997	92.17262149999999	-101.33219899999997	-90.795877	-94.589058	-90.2881425	-1.0071300000000003	-11.920665500000002	19.478353499999997	-20.591154000000003	13.651787500000001	34.2807	116.978358	5.6	1.9	0.0	2.7	0.08877549999999998
PreQ1 Class III site	6.333333333333333	1.0	1.3333333333333333	4.666666666666667	7.666666666666667	5.666666666666667	425.3333333333333	13.333333333333334	53.333333333333336	14.666666666666666	42.0	26.666666666666668	0.0	92.0	54.666666666666664	283.3333333333333	1710.7108100000003	1660.3929299999998	50.31788000000001	1.9907366666666668	4922.705333333332	4006.8026666666665	915.9026666666667	193417.23705322805	250139.98225318664	289604.43594834954	0.67139	0.86401	0.039696666666666665	0.0	0.7927666666666666	0.0	6.458742845126248	24.89688522934115	-10.147313471566465	-3.142139696647409	-39.24688666666666	55.41190333333333	42.84560333333334	83.66685333333334	-141.71831666666665	-52.151833333333336	-35.53113333333334	-138.97802000000001	26.126373333333333	12.333333333333334	1.0	0.0	0.0	3.5904566666666664	4.354083333333333	27.083773333333337	88.71227	-52.30531333333334	-120.15201666666667	-106.82490666666666	-100.60970666666667	0.22912333333333332	-20.668133333333333	32.115019999999994	-32.83718	20.55861	39.286993333333335	26.126373333333333	12.333333333333334	1.0	0.0	0.0	0.66888
SAM-I	5.962962962962963	4.407407407407407	4.962962962962963	3.074074074074074	10.925925925925926	7.481481481481482	395.77777777777777	18.40740740740741	73.77777777777777	23.40740740740741	58.81481481481482	36.888888888888886	0.0	124.14814814814815	78.74074074074075	395.77777777777777	2149.1243392592582	1716.167244444444	432.9570948148147	2.2173903703703703	4612.980037037037	3104.9303333333332	1508.0497037037037	350855.4066252813	444116.87164228223	543484.8691758738	0.6452014814814816	0.8165211111111111	0.04628074074074074	0.0	0.7862866666666667	0.0	6.419721582990571	24.784096867656952	-10.517780657822355	-3.428391052296145	-52.89682592592594	80.21237148148147	50.85646703703704	86.19796296296296	-136.86683888888888	-60.185906666666675	-46.305800740740736	-147.8056188888889	29.111942222222222	17.22222222222222	0.9259259259259259	0.0	0.0	3.9743025925925926	4.388432222222222	35.9742	132.01148962962964	-71.37063851851852	-95.84672888888888	-115.06980925925926	-81.22045296296295	1.7362229629629633	-22.065888518518516	32.89789296296296	-32.74137851851852	19.582966666666668	37.69433925925926	29.111942222222222	17.037037037037038	0.8518518518518519	0.07407407407407407	0.3333333333333333	0.5276759259259259
SAM-II	6.0	2.0	4.0	7.0	10.0	9.0	404.0	19.0	76.0	23.0	58.0	38.0	0.0	129.0	80.0	404.0	2077.12051	1613.3912599999996	463.7292499999998	2.39432	7012.598	4710.218	2302.38	326934.97951175	442011.6488513553	473969.6910766519	0.68978	0.93257	0.03405	0.0	0.78912	0.0	6.375882355204298	24.682292267856788	-10.356895815250606	-3.384882986061166	-54.85263	-7.95263	55.64737	87.1	-139.98947	-69.53684	-70.42105	-139.11579	61.66842	17.0	1.0	0.0	0.0	4.21947	4.33211	37.30579	96.42105	-97.06316	-92.31053	-118.25263	-88.98947	-0.22632	-21.35789	33.57895	-34.55263	21.93158	40.23158	61.66842	15.0	1.0	0.0	2.0	0.41211
SAH	2.0	4.0	6.0	1.0	8.0	5.0	282.0	13.0	52.0	19.0	42.0	26.0	0.0	85.0	58.0	282.0	1363.8048199999998	1011.7811499999997	352.0236699999999	2.416595	4966.338	3371.6705	1594.6675	148738.6139182715	352852.78945543413	378716.7731633686	0.392745	0.93171	0.16414499999999999	0.0	0.506885	1e-05	6.017865114533189	23.096289180987036	-9.755941020232772	-3.0721958743235374	-30.23846	36.584615	35.15	99.43461500000001	-137.134615	-56.134615	2.192305	-146.634615	68.915385	9.0	4.0	0.0	0.0	3.50577	3.67692	61.07538	76.08077	-99.88077	-48.0	-71.165385	-57.030770000000004	-5.88077	-7.48846	17.09231	-20.861539999999998	16.92308	39.611540000000005	68.915385	8.5	3.5	0.0	0.5	0.49518999999999996
SAM-I_IV	5.5	6.0	4.5	3.0	10.0	9.0	404.5	19.0	76.0	23.5	58.0	38.0	0.0	128.5	80.5	404.5	2255.942249999999	1853.8020199999992	402.1402299999999	2.219105	4330.05	2980.899	1349.151	355490.3822800467	479398.4443931368	589148.7177428782	0.603415	0.813535	0.059734999999999996	0.0	0.74939	0.0	6.418900583726502	24.855916293595307	-10.528929667065492	-3.413878327451209	-50.51316	116.578945	56.044735	84.326315	-135.15526499999999	-50.06579	-47.18421	-149.90789	22.097369999999998	18.0	0.5	0.0	0.0	4.12579	4.44184	32.70921	138.05263	-46.273685	-116.528945	-107.5	-73.53421	1.03684	-22.807895000000002	34.752635	-35.057895	21.452635	38.489475	22.097369999999998	18.0	0.5	0.0	0.0	0.615
SAM_SAH	2.652173913043478	3.5652173913043477	4.043478260869565	3.5217391304347827	6.695652173913044	7.086956521739131	401.39130434782606	13.782608695652174	55.130434782608695	17.82608695652174	40.95652173913044	27.043478260869566	0.0	92.43478260869566	58.91304347826087	292.30434782608694	1712.6417239130428	1563.0533182608688	149.5884056521739	2.097936086956522	4677.056173913043	3471.4944782608704	1205.561695652174	209357.14753917884	281391.044159148	312034.0191036398	0.6706186956521738	0.8961921739130435	0.04616565217391304	0.0	0.7799300000000001	3.0434782608695654e-06	6.334973097911403	24.361322323020623	-10.16597010564692	-3.1962847171520314	-32.906775217391306	63.36935260869566	46.31579173913044	95.8945547826087	-136.09593478260868	-64.12979608695652	-36.18262130434782	-133.5064595652174	47.88416304347826	10.826086956521738	2.9130434782608696	0.0	0.0	3.7829299999999995	3.9516013043478257	45.57823608695652	9.233761739130438	-80.2227104347826	-99.59832956521738	-66.35574434782609	-69.3144208695652	-3.086975652173913	-12.181934347826086	21.95211869565217	-24.312879565217393	17.228931739130434	39.17227739130435	47.88416304347826	10.826086956521738	2.4782608695652173	0.43478260869565216	0.0	0.5378052173913043
SAM-VI	3.0	3.25	5.75	2.75	8.75	6.0	318.25	14.75	59.0	20.5	47.0	29.5	0.0	97.5	64.75	318.25	1603.2364499999996	1266.0062449999996	337.2302049999999	2.26725	8566.985499999999	4533.65675	4033.3287499999997	242818.0457963572	311245.3819872912	375364.8018823038	0.6461075000000001	0.8286924999999999	0.046545	0.0	0.7819099999999999	0.0	6.127277312063604	23.50209189039514	-9.854698043962646	-3.165479377476196	-20.911907499999998	63.0405925	24.297974999999997	92.08738249999999	-118.78905	-62.278095	-26.075000000000003	-109.365715	45.767975	11.75	3.0	0.0	0.0	3.1550949999999998	3.8299775	46.668215	85.992025	-55.24238	-65.9558325	-100.12952250000001	-93.7955925	-2.223095	-13.464167499999999	23.385475	-25.240832499999996	17.255595	40.0851175	45.767975	11.75	3.0	0.0	0.0	0.3310175
SAM-IV	5.0	7.0	6.0	3.0	11.0	10.0	676.0	21.0	84.0	27.0	64.0	42.0	0.0	141.0	90.0	448.0	2836.8861299999967	2724.576669999996	112.30945999999996	1.90302	5693.845	4552.826	1141.019	505079.2605914255	564128.7586184228	742458.7454860511	0.68028	0.75981	0.04074	0.0	0.83638	0.0	6.978953704828013	27.26844580417447	-11.418824943916404	-3.602513470513526	-75.96667	64.58095	45.62381	87.77619	-121.32857	-39.25714	-47.95238	-150.2	25.77619	19.0	2.0	0.0	0.0	3.68857	4.14381	34.00286	99.10952	-9.58571	-77.5381	-65.98571	-78.22857	1.68095	-20.44762	30.4619	-30.28571	18.00952	37.85238	25.77619	19.0	2.0	0.0	0.0	0.45729
SAM-III	4.0	1.6666666666666667	6.0	2.3333333333333335	10.0	4.0	306.0	14.0	56.0	20.0	48.0	28.0	0.0	92.0	62.0	306.0	1434.6238933333332	1110.57697	324.04692333333327	2.3840533333333336	2468.368	1661.8653333333332	806.5026666666666	223854.51265680345	284093.1218015288	338249.82471156557	0.6653566666666667	0.8395066666666667	0.043486666666666667	0.0	0.79466	0.0	6.071963762382441	23.101897566878467	-9.681308540325062	-3.135314731952748	-58.08571666666668	113.53095333333333	37.69285333333334	96.07143	-130.92857	-44.69285666666667	-26.285713333333334	-155.85476333333335	73.71428333333334	10.333333333333334	3.3333333333333335	0.0	0.0	3.6564266666666665	3.8097600000000003	52.72619	42.259523333333334	-59.704763333333325	-68.84999666666667	-85.63571333333334	-66.59047666666667	-4.907143333333333	-11.433333333333332	22.673810000000003	-25.72381	19.307143333333332	41.94762	73.71428333333334	9.333333333333334	2.0	0.0	1.0	0.4699533333333333
SAM-V	7.0	1.0	4.0	9.0	11.0	10.0	446.0	21.0	84.0	25.0	64.0	42.0	0.0	143.0	88.0	446.0	2833.7578999999982	2184.053899999999	649.7039999999997	2.11334	2392.45	1579.155	813.295	386191.2196337516	553820.6646135375	555380.6610445097	0.69536	0.99719	0.03711	0.0	0.77476	0.0	6.567013950772063	25.898486337200737	-11.090143253841056	-3.5742654340500564	-25.6381	56.68095	49.63333	96.44286	-118.6619	-53.40476	-48.19048	-127.21429	51.45714	16.0	5.0	0.0	0.0	3.6785	3.892	42.9815	26.00952	-131.48571	-111.52857	-113.19048	-96.035	-4.3	-9.28095	18.59048	-21.61429	16.29524	37.61905	51.45714	16.0	5.0	0.0	0.0	0.58857
FMN site	5.4375	2.625	12.375	1.875	17.8125	4.5	494.25	22.3125	89.25	34.6875	80.25	44.625	0.0	143.8125	101.625	494.25	2503.6532774999996	1991.3924512499993	512.2608262499998	2.15453125	4501.379999999999	3071.907125	1429.472875	533851.750511347	661148.9119958943	845917.948820048	0.6307556249999999	0.7797675	0.0539775	0.0	0.785150625	0.0	6.662439594873838	25.859534153320258	-10.992832862267003	-3.601409310280476	-41.129053125	53.677986250000004	54.505449999999996	94.355648125	-134.113218125	-55.50242875	-21.234682499999998	-123.331329375	60.7660075	18.6875	3.375	0.0	0.0	3.3451287499999998	4.031619375	42.655193749999995	74.24502625	-91.62714812499999	-75.06652375	-69.42584875	-57.8120075	-2.517070625	-13.906213125	24.061010624999998	-26.143179375	18.14065875	37.724453125	60.7660075	16.625	2.875	0.0625	1.375	0.4421375
Tau major groove	3.823529411764706	3.235294117647059	3.1176470588235294	4.117647058823529	6.9411764705882355	7.352941176470588	456.0	14.294117647058824	57.1764705882353	17.41176470588235	42.470588235294116	28.58823529411765	0.0	96.94117647058823	60.294117647058826	302.88235294117646	2303.7514805882342	2236.905667647057	66.84581294117648	1.817040588235294	0.0	0.0	0.0	238538.91665937312	348865.00764940574	391501.3556524399	0.6377235294117647	0.8882188235294118	0.05497882352941177	0.0	0.7535111764705882	0.0	6.6112751366814155	25.984989239893554	-10.917351839727933	-3.3719796959999697	-50.15858	111.2663711764706	61.44353411764706	91.0357494117647	-148.91042529411766	-74.91445941176471	-61.22910764705882	-153.20362352941177	48.55629823529412	12.117647058823529	0.058823529411764705	0.0	0.0	4.080107647058823	4.371751764705882	28.327404117647056	103.81722529411765	-4.511821764705882	-117.35869352941177	-93.33617235294116	-118.15251764705881	-2.2568029411764705	-18.24161	30.51102117647059	-32.77057647058823	22.067893529411762	35.350943529411765	48.55629823529412	11.235294117647058	0.058823529411764705	0.0	1.0	0.32827352941176474
Tau A-Bulge site	2.1857142857142855	2.7857142857142856	3.3857142857142857	1.7571428571428571	5.571428571428571	4.542857142857143	326.1142857142857	10.114285714285714	40.457142857142856	13.5	31.37142857142857	19.914285714285715	0.0	67.41428571428571	43.68571428571428	216.34285714285716	1824.1836189999997	1759.2132038571422	64.97041514285714	1.789815142857143	0.0	0.0	0.0	143000.93120292103	213003.50061531787	250642.90443810204	0.5749197142857143	0.848641	0.0745837142857143	4.285714285714286e-07	0.7082788571428573	7.85714285714286e-06	6.247548116355083	24.527091604906303	-10.264780849146247	-3.1395826926462815	-47.48928971428571	67.11188599999998	26.068535428571433	86.23868399999999	-132.38690714285715	-67.77027557142857	-64.64175942857145	-154.68799157142857	68.2705787142857	8.685714285714285	0.8571428571428571	0.0	0.0	3.8303695714285717	4.175623571428573	34.81230314285714	97.065892	-36.209294142857146	-133.96524928571426	-108.99073842857143	-95.53191571428569	-0.08792257142857142	-18.70409942857143	28.573271428571427	-30.05823757142857	19.285957857142858	36.83813199999999	68.2705787142857	7.442857142857143	0.5714285714285714	0.0	1.2285714285714286	0.3488661428571429
Lysine site	3.076923076923077	1.0769230769230769	8.76923076923077	1.0	11.846153846153847	2.076923076923077	310.9230769230769	13.923076923076923	55.69230769230769	22.692307692307693	51.53846153846154	27.846153846153847	0.0	88.6923076923077	64.46153846153847	310.9230769230769	1139.4939584615383	903.1703915384618	236.32356692307692	2.587539230769231	7282.310076923077	5025.2246153846145	2257.0854615384615	198202.36017502673	276443.95012942946	340966.3803165099	0.5825276923076923	0.8142546153846155	0.0670753846153846	0.0	0.7283776923076922	7.692307692307693e-07	6.029158722521552	22.438747672774646	-9.286779747581507	-2.976065048577279	-9.256585384615386	9.684846923076924	9.053253846153847	105.91653000000002	-119.44498076923075	-45.44605846153846	-12.857603846153848	-125.22873307692306	89.19819230769228	8.076923076923077	5.615384615384615	0.0	0.0	2.7906715384615386	3.1124492307692315	55.237107692307696	57.80280615384616	-52.0014876923077	-85.33313153846153	-56.310271538461535	-42.37027153846154	-8.878308461538463	-0.2833399999999999	8.79459923076923	-14.057192307692306	14.48051153846154	40.07094615384615	89.19819230769228	7.153846153846154	4.076923076923077	0.0	0.6923076923076923	0.35103538461538464
HIV TAR site	2.5454545454545454	3.4363636363636365	3.618181818181818	3.1818181818181817	6.163636363636364	6.618181818181818	409.0	12.781818181818181	51.127272727272725	16.4	37.89090909090909	25.563636363636363	0.0	85.85454545454546	54.74545454545454	271.58181818181816	1978.625719999999	1908.3197874545447	70.30593254545454	1.8816041818181821	95.55199999999999	73.06334545454546	22.488654545454544	182568.32483932687	254809.71665535687	298610.2929345565	0.6081285454545454	0.8504179999999999	0.06523400000000001	0.0	0.7372198181818181	3.4545454545454545e-06	6.465305538441327	25.0996728296733	-10.395137741573366	-3.2056860855427853	-37.60518345454546	68.87819381818181	38.50827636363637	99.3962209090909	-134.40748472727273	-50.86642872727271	-41.64263145454546	-132.1655789090909	71.835782	9.254545454545454	2.018181818181818	0.0	0.0	3.4860576363636357	3.762766727272727	38.807004363636366	106.11947927272728	-64.45847163636364	-115.03909872727274	-99.80874327272726	-93.5843249090909	-2.7466036363636364	-10.745564363636364	19.169391090909087	-21.474198363636365	15.250344545454544	32.72442363636364	71.835782	7.927272727272728	1.6	0.32727272727272727	0.7818181818181819	0.33750836363636355
HIV DIS	5.333333333333333	4.5	4.333333333333333	2.6666666666666665	9.666666666666666	7.166666666666667	360.3333333333333	16.833333333333332	67.33333333333333	21.166666666666668	53.0	33.666666666666664	0.0	113.5	71.66666666666667	360.3333333333333	1935.5326333333335	1432.7567266666665	502.77590666666646	2.22021	2787.5665000000004	1834.046	953.5205000000001	346572.8236738968	412703.359345513	462731.29624119395	0.74737	0.8935233333333333	0.02101	0.0	0.8489049999999999	0.0	6.313835969030069	24.465424896481153	-10.389259248846738	-3.3665236930655076	-43.87253833333333	91.64598333333333	52.80064000000001	86.93769833333333	-143.45502166666665	-52.818165	-47.44560166666667	-145.12274166666668	39.288046666666666	15.333333333333334	1.5	0.0	0.0	4.150376666666666	4.304749999999999	44.959045	106.00276166666667	-44.82480666666667	-118.91571	-118.82068499999998	-100.41320833333333	-0.10470666666666668	-20.740529999999996	32.572253333333336	-33.459876666666666	21.14326833333333	41.15120833333334	39.288046666666666	14.833333333333334	1.3333333333333333	0.0	0.5	0.691955
HIV FSS	4.033333333333333	6.066666666666666	5.1	2.6666666666666665	9.133333333333333	8.733333333333333	574.5666666666667	17.866666666666667	71.46666666666667	22.966666666666665	54.0	35.733333333333334	0.0	119.96666666666667	76.56666666666666	380.7	2920.3441276666626	2859.2783479999957	61.06577966666668	1.8795366666666666	0.0	0.0	0.0	302878.91470219527	577607.4634965194	631216.1183355933	0.4964486666666666	0.9182896666666666	0.10697200000000001	0.0	0.6155796666666667	0.0	6.840689287749802	26.836630320412993	-11.265830022120134	-3.5224030950625376	-66.105188	-8.568950666666666	63.09703966666665	82.21829699999998	-157.012001	-61.78346433333333	-83.736469	-150.62612966666669	47.98777000000002	17.366666666666667	0.5	0.0	0.0	4.167528333333333	4.490714333333333	28.951236666666663	153.823692	-18.336573333333334	-133.8335996666667	-134.218272	-110.33415666666666	2.1407483333333337	-24.425403333333335	35.11371166666667	-35.57246133333333	21.405665000000003	39.221111	47.98777000000002	15.933333333333334	0.5	0.0	1.2333333333333334	0.6533666666666665
HCV IRES	4.571428571428571	4.476190476190476	3.8095238095238093	2.0476190476190474	8.380952380952381	6.523809523809524	472.85714285714283	14.904761904761905	59.61904761904762	18.714285714285715	46.57142857142857	29.80952380952381	0.0	100.52380952380952	63.42857142857143	318.6666666666667	2588.066769523806	2483.6931609523776	104.37360857142855	1.8052628571428575	84.61271428571429	56.56095238095238	28.051761904761904	268834.6309770677	405587.88369043765	462795.288941664	0.5839742857142858	0.8785819047619048	0.06742190476190475	0.0	0.7100704761904761	0.0	6.662986839582449	26.264661537900484	-11.078473647514599	-3.4550679514445983	-67.45497142857141	75.62830476190477	54.19759904761905	89.96479904761904	-141.8568442857143	-61.53583190476191	-63.619419523809505	-147.44505999999998	67.8532876190476	11.476190476190476	2.0	0.0	0.0	3.7637276190476197	4.031021428571428	35.41146142857142	90.74468619047619	-108.64935285714284	-123.89631285714287	-102.9911857142857	-118.63146952380951	0.641412380952381	-17.450584285714285	26.08156142857143	-26.801883333333336	16.743305714285714	38.110797142857145	67.8532876190476	10.047619047619047	0.5714285714285714	0.9523809523809523	0.9523809523809523	0.4420152380952381
IV	4.0	4.375	3.3125	1.625	7.3125	6.0	429.0	13.3125	53.25	16.625	41.25	26.625	0.0	89.875	56.5625	284.1875	2335.9952706249983	2286.2560537499985	49.73921687500001	1.80641875	0.0	0.0	0.0	206397.13736909308	342844.33034514356	385187.8488128713	0.5405325000000001	0.89207875	0.08419625	0.0	0.666009375	2.5e-06	6.552997980064085	25.800891159555235	-10.876394691037573	-3.354998977527324	-58.624710625000006	163.68746687499998	46.958563125	85.387985	-155.318769375	-76.292726875	-79.043248125	-156.792408125	30.295175	13.3125	0.0	0.0	0.0	4.382289999999999	4.486086875	25.2279725	158.05181625	-32.724196875000004	-145.13677	-141.338155625	-123.25436499999999	-8.369695624999999	-16.39578625	32.703933750000004	-37.987991875	28.964275625	38.12714875	30.295175	11.3125	0.0	0.0	0.0	0.81434125
EV-71 IRES	5.1	2.0	2.8	3.4	7.9	5.4	427.5	13.3	53.2	16.1	42.4	26.6	0.0	90.3	56.0	284.6	2323.558825999999	2179.8510469999987	143.707779	1.8729299999999998	0.0	0.0	0.0	189553.54615951297	334254.3611379116	364861.4228558767	0.550784	0.9095600000000001	0.09485400000000001	0.0	0.6645709999999999	5.000000000000001e-06	6.521898124811621	25.43554099796354	-10.630504651719923	-3.311049107173308	-18.185405	77.11044000000001	36.921414	95.042625	-108.115922	-22.17699	-6.738372	-86.059833	120.38767300000002	8.9	3.4	0.0	0.0	2.6957999999999998	3.631382	60.38588599999999	58.787526	-53.907689000000005	-34.08822	-75.50230400000001	-102.552829	-3.817433	-9.542399999999999	18.104416	-21.102263999999998	15.919381000000001	40.724956999999996	120.38767300000002	6.0	2.4	0.0	1.9	0.35649499999999995
G6P site	3.7777777777777777	4.0	8.333333333333334	2.0	12.11111111111111	6.0	393.77777777777777	18.11111111111111	72.33333333333333	26.22222222222222	60.44444444444444	35.77777777777778	0.0	118.44444444444444	80.55555555555556	393.77777777777777	2060.5067377777773	1638.6419177777768	421.86481999999984	2.2253055555555554	19443.805999999997	12450.344444444445	6993.461555555556	320741.53158205905	544173.6753031454	581127.9660619942	0.55351	0.9353122222222223	0.08147	0.0	0.6673155555555557	0.0	6.414117797942025	24.829606340387926	-10.548730674133925	-3.40632951540854	-43.719665555555565	18.90570222222222	42.98090555555556	94.82553	-125.31933000000001	-47.57755	-29.219252222222224	-135.22856000000002	72.52823222222223	14.0	3.888888888888889	0.0	0.0	3.5060377777777774	3.887343333333333	41.59943333333334	100.8660111111111	-86.07161111111112	-80.55297111111112	-97.92973	-84.09151777777778	1.37493	-16.469431111111113	24.443023333333333	-24.14534111111111	14.41854	38.78333666666666	72.52823222222223	12.88888888888889	1.4444444444444444	2.4444444444444446	1.1111111111111112	0.3118377777777777
Guanidine Class-II	1.4166666666666667	3.25	3.4166666666666665	0.0	4.833333333333333	3.25	236.16666666666666	8.083333333333334	32.333333333333336	11.5	25.833333333333332	16.166666666666668	0.0	53.166666666666664	35.75	174.75	1022.3277383333331	913.6411949999998	108.68654333333335	2.040995	1754.6161666666667	1295.4336666666666	459.18249999999995	70556.130264483	113184.3725416732	134265.17471572073	0.5179975	0.8345183333333334	0.09511333333333331	8.333333333333334e-06	0.6602483333333332	1.25e-05	5.801787739278765	22.495330354144	-9.26933427066766	-2.8136281140495467	-50.96711249999999	30.293155000000002	51.20548833333333	82.03579333333333	-150.14471916666665	-55.288382500000004	-46.339549999999996	-116.35763833333334	18.627682500000002	7.833333333333333	0.25	0.0	0.0	4.438804166666666	4.555549999999999	44.21957166666667	129.86694083333333	-56.71929166666667	-74.65835666666666	-101.89304333333332	-80.29522583333333	4.117618333333334	-26.113607500000004	37.03394083333333	-35.59973333333333	19.856229166666665	39.881421666666675	18.627682500000002	7.75	0.16666666666666666	0.0	0.08333333333333333	0.6838783333333334
Guanidine Class-III	4.0	3.6666666666666665	5.5	1.0	9.5	4.666666666666667	437.1666666666667	14.166666666666666	56.666666666666664	19.666666666666668	47.333333333333336	28.333333333333332	0.0	93.66666666666667	62.166666666666664	307.8333333333333	1833.1616249999986	1738.5640633333317	94.59756166666665	2.1503816666666666	3406.5993333333336	2636.434333333333	770.165	220242.23782163498	242414.40556036858	280014.179789527	0.7806899999999999	0.8605733333333333	0.016954999999999998	0.0	0.886015	0.0	6.44830230924034	24.55304883381307	-10.05435325652813	-3.14679535474029	-33.39227666666667	92.30904	27.526065000000003	89.62584	-146.68570833333334	-72.31409166666667	-54.47436	-148.5189	50.77308333333334	12.166666666666666	2.0	0.0	0.0	4.022556666666667	4.2484166666666665	26.900758333333332	129.71489999999997	-99.63902833333334	-107.19968833333333	-115.97195166666666	-95.81632333333333	-1.75014	-15.675236666666668	26.19980166666667	-27.911236666666667	18.68196	39.272974999999995	50.77308333333334	11.0	2.0	0.0	0.5	0.51839
Guanidine Class-I	2.0	1.5	6.0	0.5	8.0	2.0	282.5	10.0	40.0	16.0	36.0	20.0	0.0	64.0	46.0	222.0	1050.2118199999995	938.5061799999997	111.70564	2.145085	3852.753	2901.6965	951.0565	109479.54464301487	156329.75481672643	188532.19935053604	0.580245	0.82985	0.066035	5e-06	0.722275	1e-05	5.984228482592883	22.877002254834494	-9.366332260181629	-2.914720366301601	-14.994445	51.46212	23.505555	100.714645	-135.749495	-12.986365	22.63131	-105.34394	115.08838499999999	8.0	2.0	0.0	0.0	3.7549	3.97187	62.256615	78.665655	-63.163635	-44.772220000000004	-0.09595999999999993	-19.95909	6.18939	-17.658079999999998	21.816665	-18.736365	7.957070000000001	38.925754999999995	115.08838499999999	6.0	1.0	1.0	2.0	0.294935
C-di-GMP site	5.666666666666667	3.6666666666666665	4.0	1.0	9.666666666666666	4.666666666666667	310.0	14.333333333333334	57.333333333333336	18.333333333333332	48.0	28.666666666666668	0.0	96.33333333333333	61.333333333333336	310.0	1839.6449899999982	1430.259013333333	409.3859766666665	2.210103333333333	8036.469333333333	5167.981	2868.4883333333332	283937.3225437126	341961.816140533	403330.2562791985	0.6412599999999999	0.7842266666666666	0.06490666666666667	3.3333333333333337e-06	0.7865166666666665	6.6666666666666675e-06	5.977928990120866	22.96649454602422	-9.784858002214031	-3.1572428982017215	-15.809629999999999	64.97703666666668	37.71203666666666	99.46018666666667	-110.86555666666668	-29.483146666666666	-20.0	-115.59870333333333	85.32647999999999	10.666666666666666	2.3333333333333335	0.0	0.0	2.781686666666667	3.3849433333333336	53.63166666666667	45.20629666666667	-75.90055666666666	-63.97463	-52.81518666666667	-53.244813333333326	-5.138703333333333	-7.168333333333334	16.03537	-19.313703333333333	15.439813333333333	39.19629666666667	85.32647999999999	9.0	1.6666666666666667	0.6666666666666666	1.3333333333333333	0.44277999999999995
3',3'-cGAMP site	8.0	5.0	5.5	1.0	13.5	6.0	422.5	19.5	78.0	25.0	66.0	39.0	0.0	131.0	83.5	422.5	2576.168459999998	1996.5069299999984	579.6615299999999	2.195275	7364.496999999999	5020.3815	2344.1155	391088.6460119509	506654.43800390465	546403.7633305478	0.71501	0.927055	0.027885	0.0	0.81177	0.0	6.485633376605307	25.208915500075065	-10.763140006486525	-3.484415251799562	-33.50237	13.431974999999998	16.503815	96.452765	-127.019605	-39.176185000000004	-22.923685	-135.77408	76.53934	13.0	6.5	0.0	0.0	3.2489350000000004	3.42242	49.222660000000005	29.05908	-49.350395	-74.92066	-72.17921	-41.196315	-4.79921	-4.42342	11.501055000000001	-14.595790000000001	12.164475	37.173685	76.53934	12.0	5.5	1.0	0.5	0.440425
PRPP site	6.571428571428571	4.0	9.142857142857142	3.857142857142857	15.714285714285714	7.857142857142857	512.0	23.571428571428573	94.28571428571429	32.714285714285715	78.57142857142857	47.142857142857146	0.0	155.85714285714286	103.42857142857143	512.0	2940.5640685714266	2279.4738242857134	661.0902442857139	2.0991771428571426	8016.001285714286	5460.786142857142	2555.215142857143	494811.3347277575	685866.3353608173	728794.3339509255	0.6832885714285714	0.940444285714286	0.038200000000000005	0.0	0.7802457142857143	0.0	6.727415390667821	26.336574864714514	-11.274952147140983	-3.6421544166810853	-39.50409857142857	75.5491042857143	59.10525857142858	85.23269142857143	-127.85495857142857	-45.303828571428575	-25.694751428571433	-116.33045714285716	38.72937714285714	21.571428571428573	1.7142857142857142	0.0	0.0	4.056385714285715	4.339498571428572	43.218561428571434	116.30693857142857	-30.092658571428576	-87.87635142857143	-78.8060942857143	-46.46218285714286	-0.1633671428571428	-20.26246142857143	31.809499999999996	-32.713811428571425	20.730762857142857	38.880962857142855	38.72937714285714	20.0	1.1428571428571428	0.0	0.8571428571428571	0.3845
Glycine site	5.0	2.8333333333333335	4.0	2.0	9.0	4.833333333333333	298.6666666666667	13.833333333333334	55.333333333333336	17.833333333333332	45.666666666666664	27.666666666666668	0.0	92.83333333333333	59.333333333333336	298.6666666666667	1302.4253549999999	979.3847666666669	323.04058833333323	2.2712866666666667	7274.681833333333	5010.215666666666	2264.4661666666666	187155.99408351537	244600.92156473268	275483.333796914	0.6801416666666668	0.8877116666666667	0.03537333333333333	0.0	0.7944916666666666	0.0	6.099141987979695	23.40719620748513	-9.680437856421724	-3.042844719560591	-37.51016666666667	54.34487166666668	58.77298833333333	96.64056833333332	-120.30494499999999	-39.01327666666666	-38.153846666666674	-119.88662999999998	67.37518166666666	9.833333333333334	3.1666666666666665	0.0	0.0	3.289468333333333	3.7051466666666673	49.33697666666666	72.39002	-83.02088	-63.53333333333333	-63.225	-62.0598	-2.310163333333333	-11.842581666666666	20.743405	-22.530585000000002	15.713553333333332	38.83077166666667	67.37518166666666	9.166666666666666	2.6666666666666665	0.0	0.8333333333333334	0.4425183333333334
Cobalamine site	7.666666666666667	4.333333333333333	5.666666666666667	3.0	13.333333333333334	7.333333333333333	445.6666666666667	20.666666666666668	82.66666666666667	26.333333333333332	68.0	41.333333333333336	0.0	139.0	88.33333333333333	445.6666666666667	2581.5121966666634	2061.0244166666653	520.4877799999998	2.074733333333333	8084.678333333333	5395.703666666667	2688.9746666666665	483964.944408976	803901.894582553	924934.0378810699	0.5193766666666667	0.8629666666666665	0.09344333333333332	0.0	0.6529666666666666	0.0	6.5798952818384455	25.82139594203505	-11.100741567513538	-3.62271179709068	-23.145766666666663	20.13148	45.415	88.55172666666665	-131.55876333333333	-34.62504333333333	-33.71946333333333	-120.06802333333333	30.649540000000002	18.666666666666668	2.0	0.0	0.0	3.6138666666666666	4.245730000000001	48.47637666666666	89.26735666666667	-28.50045666666667	-88.42748999999999	-82.84685666666667	-68.31286	-0.43103333333333316	-18.08393	28.737416666666665	-29.82046	19.088106666666665	37.20941	30.649540000000002	18.666666666666668	2.0	0.0	0.0	0.4955066666666667
Adenosylcobalamine site	6.5	6.0	10.0	4.0	16.5	10.0	573.0	26.5	106.0	36.5	86.0	53.0	0.0	175.5	116.0	573.0	3063.4576249999986	2477.154064999999	586.3035599999996	2.1887749999999997	8205.2505	5640.284	2564.9665	780091.09059758	1064371.7033045841	1208292.4442541965	0.64268	0.876735	0.04677	0.0	0.764705	0.0	6.820706453426478	26.69951971448465	-11.384410997495056	-3.7197551378785456	-26.288795	51.05273	49.74282	84.60582	-137.20057500000001	-55.022775	-34.778014999999996	-128.79691499999998	23.490515000000002	26.0	0.5	0.0	0.0	4.07297	4.495135	44.387175	77.72636499999999	-26.680100000000003	-103.148205	-58.408335	-75.93125	2.2704050000000002	-22.51717	33.05582	-32.635705	19.197845	36.05158	23.490515000000002	25.5	0.5	0.0	0.5	0.504025
C-di-AMP site	3.5357142857142856	6.107142857142857	8.464285714285714	1.7142857142857142	12.0	7.821428571428571	428.89285714285717	19.821428571428573	79.28571428571429	28.285714285714285	63.642857142857146	39.642857142857146	0.0	130.28571428571428	87.75	428.89285714285717	2260.029943928571	1867.1625789285706	392.8673649999999	2.198607857142857	5397.279928571428	3733.785142857142	1663.4947857142856	384504.55880805815	564556.12928423	688195.6377957377	0.5604910714285715	0.820412142857143	0.07663500000000001	0.0	0.7060525000000001	0.0	6.51778062418232	25.21100890176834	-10.706705630113744	-3.4454714682945986	-35.07396607142857	83.69145285714286	48.12600428571428	83.84041321428573	-137.86665535714286	-54.629480357142846	-42.78254714285715	-139.38012678571428	24.798366071428575	18.714285714285715	1.1071428571428572	0.0	0.0	4.066705357142857	4.431638928571428	43.335227499999995	115.04784928571426	-100.97023964285712	-112.17754107142855	-108.34832321428571	-74.18311035714285	0.10730892857142858	-20.78220428571429	32.43160464285714	-33.27554392857143	20.892793214285717	37.99395464285715	24.798366071428575	18.678571428571427	1.0	0.0	0.03571428571428571	0.6490871428571428
ZMP site	1.3333333333333333	3.3333333333333335	3.3333333333333335	1.3333333333333333	4.666666666666667	4.666666666666667	199.33333333333334	9.333333333333334	37.333333333333336	12.666666666666666	28.0	18.666666666666668	0.0	62.0	40.666666666666664	199.33333333333334	985.9276866666668	787.4741099999998	198.45357666666663	2.2008699999999997	4293.499666666667	2917.716	1375.7836666666665	111564.7410868341	162635.95243022172	200091.05783548648	0.48007	0.8515833333333332	0.11906	6.6666666666666675e-06	0.6151366666666666	1.3333333333333335e-05	5.55587810440975	21.29130009863799	-8.793204480698497	-2.7529106118861075	-11.661806666666665	9.197223333333332	-12.115973333333335	83.55902666666667	-140.65416666666667	-19.25277666666667	-26.375	-156.31111	24.330556666666666	8.666666666666666	0.6666666666666666	0.0	0.0	4.129443333333334	4.4070833333333335	50.97611333333333	89.46041666666667	-10.820136666666668	-92.56597	-89.03194666666667	-70.01805666666665	-0.8423633333333332	-20.29722	32.549306666666666	-33.92847333333333	21.910416666666666	37.66805333333334	24.330556666666666	8.666666666666666	0.6666666666666666	0.0	0.0	0.56375
ZTP site	1.75	5.25	4.0	2.5	5.75	7.75	285.5	13.5	54.0	17.5	38.5	27.0	0.0	90.5	58.0	285.5	1505.2734624999998	1236.5761675000003	268.69729499999994	2.2293125	5386.697749999999	3740.822	1645.8757500000002	218278.01584733138	273441.4394047984	344721.20133831905	0.6317999999999999	0.8002950000000001	0.0517725	0.0	0.7794675	0.0	6.058781018976166	23.189361276671825	-9.658559322170463	-3.128865923052321	-7.8875225	-15.628070000000001	2.9307475000000016	85.991745	-142.736015	-49.0345675	-39.9923975	-141.5972325	25.0257975	12.5	1.0	0.0	0.0	4.015639999999999	4.36237	45.5754125	113.83713	-74.30391	-117.32046000000001	-120.28921500000001	-97.350555	0.54576	-19.8326175	30.52479	-31.045610000000003	19.211689999999997	37.16951	25.0257975	12.5	1.0	0.0	0.0	0.6010549999999999
Xanthine site	5.5	1.0	4.5	2.0	10.0	3.0	284.5	13.0	52.0	17.5	46.0	26.0	0.0	86.5	56.5	284.5	1726.37599	1282.5725774999999	443.8034124999998	2.1290899999999997	4273.1915	2875.459	1397.7324999999998	167565.88299982736	260476.10703990184	323898.30111256975	0.51827	0.8031925	0.09272000000000001	0.0	0.6694825	0.0	6.0559101966323245	23.528532543736617	-10.041822421808398	-3.189617585157613	-24.498307500000003	76.3636	33.58647	86.86085	-142.07007750000002	-47.3236475	-45.6224825	-127.02626000000001	64.58528	12.0	0.75	0.0	0.0	3.7613575000000004	4.4802425	32.6254325	128.846315	-66.6138725	-99.20226500000001	-93.77195499999999	-76.74088499999999	2.5433825	-21.357712499999998	31.0708325	-30.480790000000002	17.600322499999997	37.152475	64.58528	10.5	0.75	0.0	1.5	0.42567
Flavonoid site	1.0	3.5	3.0	0.0	4.0	3.5	244.5	7.5	30.0	10.5	23.0	15.0	0.0	49.5	33.0	161.0	1347.8541874999999	1327.6263895	20.227798	1.7679169999999995	0.0	0.0	0.0	90019.34297943875	132283.3719847495	141689.96453141473	0.4852080000000001	0.9374080000000001	0.155422	1e-05	0.5731335	3.9999999999999996e-05	5.82964759945124	22.880238138754144	-9.413166236051145	-2.8224812024577632	-66.97121000000001	127.87045500000002	62.60681999999999	80.061365	-146.78788000000003	-77.50454500000001	-69.40908999999999	-149.56363500000003	28.115910000000003	7.5	0.0	0.0	0.0	4.285909999999999	4.58818	23.953789999999998	148.93863499999998	96.41591000000001	-131.33182000000005	-127.44318000000001	-124.40454499999998	5.044319999999999	-27.71932	38.779545	-36.767044999999996	19.973865000000004	39.943180000000005	28.115910000000003	7.0	0.0	0.0	0.5	0.6049300000000001
CMBL site	4.0	2.7142857142857144	3.4285714285714284	0.0	7.428571428571429	2.7142857142857144	227.57142857142858	10.142857142857142	42.142857142857146	14.0	36.285714285714285	20.0	0.0	70.28571428571429	44.857142857142854	227.57142857142858	1101.2449757142854	822.4553885714284	278.7895871428571	2.373612857142857	1921.5969999999998	1187.0832857142857	734.5137142857144	181566.03472361452	237514.71168728522	301483.8494755815	0.5455971428571428	0.8229357142857143	0.10194428571428572	1.4285714285714286e-06	0.6835228571428571	1.7142857142857142e-05	5.683048526989852	21.87721482613741	-9.301488590243334	-3.029423502635944	-27.662648571428573	6.680157142857142	57.40307428571428	98.7136957142857	-126.22106000000001	-89.36363285714286	-36.82884571428571	-143.77379714285712	61.535135714285715	7.428571428571429	2.7142857142857144	0.0	0.0	3.269052857142857	3.551601428571428	52.16757571428572	-8.639312857142857	-92.57145	-127.93292142857142	-82.7955842857143	-78.61594857142858	-3.4903057142857143	-9.54517142857143	18.268787142857143	-20.79218857142857	15.264105714285716	38.29705142857143	61.535135714285715	7.142857142857143	2.2857142857142856	0.0	0.2857142857142857	0.5384042857142857
DB213 site	4.0	4.0	4.8	0.0	8.8	4.0	417.2	12.8	51.2	17.6	43.2	23.6	0.0	84.8	55.0	275.4	1868.7888399999993	1799.2294279999987	69.55941200000001	1.801058	1152.032	995.509	156.523	188845.77300448855	333334.7572093515	355356.059553587	0.531388	0.93774	0.089968	0.0	0.645648	4.000000000000001e-06	6.5126544797961445	25.53032867498008	-10.737431500502918	-3.302508399202395	-86.77029999999999	81.21029999999999	44.15295	79.71051400000002	-116.805638	-59.659102000000004	-57.279486	-137.73103	87.69256600000001	12.8	0.0	0.0	0.0	4.252964	4.645536	26.859181999999997	28.95091	-53.03939200000001	-124.265454	-115.092728	-135.83091	5.97205	-27.450384000000003	36.681666	-34.608586	18.456666000000002	38.899615999999995	87.69256600000001	9.0	0.0	0.0	2.8	0.319518
Prokaryotic Site I	2.609271523178808	2.9403973509933774	3.4966887417218544	2.0264900662251657	6.105960264900662	4.966887417218543	317.65562913907286	11.072847682119205	44.370860927152314	14.596026490066226	34.437086092715234	22.14569536423841	0.0	74.1456953642384	47.854304635761586	237.5496688741722	1826.4593637086086	1660.4384645033108	166.02089920529798	1.8942309933774835	568.7920397350994	379.4673443708609	189.32469536423844	170468.01533166284	228172.86099481958	266391.53886695986	0.6385315894039736	0.8470943708609271	0.051718013245033105	5.960264900662252e-07	0.7691833112582782	5.894039735099338e-06	6.209220259618314	24.295147431472472	-10.248507675056624	-3.148624312719822	-68.73344476821192	134.38531708609273	58.55751556291392	82.24651834437088	-148.9104233112583	-71.510439602649	-77.18053940397351	-130.40919205298016	19.725955364238413	11.013245033112582	0.052980132450331126	0.0	0.0	4.350576357615894	4.563920066225165	30.967893046357624	117.2708178807947	-93.2701363576159	-138.98008788079468	-115.34736582781456	-98.84251529801325	1.8120577483443712	-23.473236556291393	34.783849403973505	-34.665679337748344	20.794475629139075	36.65240980132451	19.725955364238413	10.847682119205299	0.039735099337748346	0.006622516556291391	0.1456953642384106	0.6629605298013245
Prokaryotic Site II	4.0	4.0	4.0	3.0	8.0	7.0	320.0	15.0	60.0	19.0	46.0	30.0	0.0	101.0	64.0	320.0	2016.64533	1493.7422799999997	522.9030499999998	2.124	2292.208	1539.652	752.556	259006.3386749288	377775.6338504044	390586.1175981989	0.66312	0.9672	0.04358	0.0	0.75632	0.0	6.2182453878456725	24.247981302374075	-10.254251656255432	-3.2977512499591546	-42.69333	10.9	25.64	80.94667	-148.13333	-74.98	-73.13333	-141.06667	16.29333	15.0	0.0	0.0	0.0	4.50933	4.65267	37.74533	143.10667	-38.23333	-145.11333	-125.14	-120.48	1.51333	-26.12	39.50667	-39.58667	24.02	41.34	16.29333	15.0	0.0	0.0	0.0	0.61975
Prokaryotic Site III	3.2	4.0	6.0	3.0	9.2	7.0	521.6	16.2	64.8	22.2	50.8	30.4	0.0	107.4	69.8	345.4	2777.567184999996	2694.2407989999956	83.326386	1.813335	0.0	0.0	0.0	255724.05686305073	528067.2996265346	577063.5151921014	0.44435	0.9153600000000001	0.13268699999999997	0.0	0.564662	0.0	6.755509042371432	26.463496584276196	-11.117709118778578	-3.4610329460040234	-39.717336	51.860336	73.197352	90.744706	-154.142648	-74.627352	-79.464706	-142.52853000000002	17.222648	16.2	0.0	0.0	0.0	4.3022599999999995	4.467732	25.43821	99.92291399999999	-100.37491399999999	-125.230836	-106.83275	-97.98074999999999	0.7926480000000001	-23.48853	36.317942	-36.599706000000005	22.490000000000002	38.403236	17.222648	16.2	0.0	0.0	0.0	0.33109400000000005
Prokaryotic Site IV	4.0	5.0	7.0	3.0	11.0	8.0	410.0	19.0	76.0	26.0	60.0	38.0	0.0	126.0	83.0	409.0	1802.7038399999983	1285.83901	516.86483	2.50431	2277.482	1534.907	742.575	403753.90641617496	551938.0858948187	602559.9874297173	0.67006	0.91599	0.03855	0.0	0.77732	0.0	6.380192939526522	24.44085834889012	-10.40318535383767	-3.3301848590597416	-24.37222	58.87368	34.02632	81.38947	-147.52222	-78.42778	-69.16667	-127.07368	34.04211	19.0	0.0	0.0	0.0	4.45389	4.64556	35.37056	125.55882	-74.89412	-125.73889	-106.8	-103.15	2.42632	-26.51053	39.22632	-38.85263	22.96316	40.89474	34.04211	18.0	0.0	0.0	1.0	0.74245
Prokaryotic Site V	1.3333333333333333	5.0	4.666666666666667	1.3333333333333333	6.0	6.333333333333333	263.3333333333333	12.333333333333334	49.333333333333336	17.0	36.666666666666664	24.666666666666668	0.0	81.66666666666667	54.0	263.3333333333333	1123.0225333333333	829.1663299999999	293.85620333333327	2.2954966666666667	2422.695	1599.6449999999998	823.0499999999998	203926.90801306991	265744.558879855	307559.52866052656	0.6826533333333334	0.86065	0.03742333333333333	0.0	0.8038333333333334	0.0	5.957151646198824	23.010154592840035	-9.758614905648264	-3.1578673484468687	-53.24060666666666	53.625256666666665	49.487676666666665	81.34929	-150.92323	-73.76444333333333	-77.29495000000001	-147.01555666666667	30.615759999999998	12.333333333333334	0.0	0.0	0.0	4.4373933333333335	4.62493	35.82927333333333	152.52565666666666	-86.71211999999998	-138.0082833333333	-125.92767666666667	-115.15677	2.677376666666667	-26.96747666666667	39.68747666666666	-39.07656333333333	22.973129999999998	41.48949666666667	30.615759999999998	11.333333333333334	0.0	0.0	0.6666666666666666	0.7759033333333333
Eukaryotic Site I	2.933333333333333	4.433333333333334	8.233333333333333	2.966666666666667	11.166666666666666	7.4	595.9333333333333	18.566666666666666	74.26666666666667	26.8	59.46666666666667	35.333333333333336	0.0	121.73333333333333	81.6	399.2	2876.8097813333297	2791.0681483333296	85.74163300000001	1.919787	76.11046666666667	50.7205	25.389966666666666	347117.2052282542	474686.5088647217	510613.8683662303	0.6844966666666666	0.9287449999999999	0.037608666666666665	0.0	0.784921	0.0	6.8739368634662945	26.777622205921883	-11.1586991845106	-3.4875348259757604	-37.405672	27.742111333333334	32.46394133333334	96.91270800000001	-155.49281433333337	-74.84151600000001	-80.73337933333333	-136.50404	29.130133666666666	16.633333333333333	1.9333333333333333	0.0	0.0	3.978151666666667	4.236887	21.447751999999998	144.87550199999998	-47.807295999999994	-146.61951733333333	-95.54458699999999	-117.05779533333335	-0.11458533333333333	-18.70388	29.603159999999995	-30.22854266666667	19.061591333333336	38.31966233333333	29.130133666666666	16.633333333333333	1.9333333333333333	0.0	0.0	0.3024056666666667
Eukaryotic Site II	4.0	5.333333333333333	5.0	3.6666666666666665	9.0	9.0	381.0	18.0	72.0	23.0	54.0	34.666666666666664	0.0	121.0	76.33333333333333	381.0	1921.7417466666654	1379.5166533333334	542.2250933333331	2.3469833333333336	1930.4543333333334	1271.945	658.5093333333334	320102.5528207038	437221.0676161104	494075.83758831373	0.6486833333333334	0.88512	0.04506333333333334	0.0	0.76707	0.0	6.329424691028415	24.331869015319853	-10.224931991386013	-3.3189071940782213	-56.733329999999995	125.13725666666666	55.95926	82.12037	-146.44902	-65.64509666666666	-66.66666666666667	-141.62037333333333	14.812963333333334	18.0	0.0	0.0	0.0	4.266273333333333	4.525293333333334	33.92254666666667	159.35208333333333	-13.179166666666665	-117.91887333333334	-124.55	-95.95980333333334	2.7000000000000006	-27.064813333333333	39.557406666666665	-38.935183333333335	22.977776666666667	41.14259333333333	14.812963333333334	18.0	0.0	0.0	0.0	0.75868
Eukaryotic Site V	4.0	3.0	5.0	2.0	9.0	5.0	303.0	14.0	56.0	19.0	46.0	28.0	0.0	93.0	61.0	303.0	2161.9892599999985	1577.4972399999997	584.4920199999998	1.97609	2261.61	1504.207	757.403	258574.0235816165	288973.3581454689	325919.7597723309	0.79337	0.88664	0.0133	0.0	0.8881	0.0	6.178877176998118	24.543323309861528	-10.608673947507384	-3.3791094058461275	-54.2	67.48571	59.27857	82.84286	-126.67857	-21.15714	-79.78571	-85.41429	17.60714	13.0	0.0	0.0	0.0	3.97571	4.21857	48.315	132.87692	-69.6	-97.06429	-122.76923	-74.62143	0.95714	-24.32857	37.26429	-37.64286	23.12857	39.57143	17.60714	13.0	0.0	0.0	0.0	0.41214
Eukaryotic Site IV	0.0	3.0	4.0	1.0	4.0	4.0	173.0	8.0	32.0	12.0	24.0	16.0	0.0	52.0	36.0	172.0	670.7032900000002	514.91925	155.78404000000006	2.50545	4328.196	2947.682	1380.514	77065.80179813385	116505.5395290879	153531.70011355827	0.50195	0.75884	0.10182	1e-05	0.66608	1e-05	5.420201287561872	20.13894538861964	-8.530503231911528	-2.708768143126463	-73.3	37.5875	60.25	82.475	-149.35714	-73.3	-75.85714	-123.8375	14.3	8.0	0.0	0.0	0.0	4.57714	4.66714	24.25429	163.48333	4.85	-143.97143	-138.9	-121.51429	3.025	-27.3875	39.925	-39.075	22.8125	41.4875	14.3	8.0	0.0	0.0	0.0	0.55987
Eukaryotic Site III	3.0	3.6666666666666665	5.0	2.8333333333333335	8.0	6.5	311.0	14.5	58.0	19.5	45.0	29.0	0.0	96.5	63.0	311.0	2495.2872816666654	1889.0579216666663	606.2293599999997	1.9449133333333333	3053.877	2043.7153333333333	1010.1616666666665	243050.75308149355	358738.4570568025	398026.18901459704	0.6083733333333333	0.9029133333333332	0.05785166666666666	0.0	0.7267466666666667	0.0	6.234724345605129	24.627682373274357	-10.661534271095062	-3.379425439417606	-58.57279	44.92503	47.23653666666667	81.77424333333333	-144.81000166666666	-74.73467333333333	-70.05605833333334	-137.63096833333336	19.217476666666666	14.5	0.0	0.0	0.0	4.317001666666666	4.613426666666666	36.50855666666667	110.26949499999999	-58.396359999999994	-127.86284833333332	-118.41973333333334	-99.731575	2.2616650000000003	-25.355964999999998	37.577259999999995	-37.24445	22.071074999999997	39.25510833333333	19.217476666666666	14.166666666666666	0.0	0.0	0.16666666666666666	0.59007
